-- SHOP++ INIT SQL
-- Copyright 2008-2019 shopxx.net. All rights reserved.
-- Support: http://www.shopxx.net
-- License: http://www.shopxx.net/license

-- 初始化数据库表结构 --

CREATE TABLE Ad (id bigint (20) NOT NULL, createdDate datetime NOT NULL, lastModifiedDate datetime NOT NULL, version bigint (20) NOT NULL, orders int (11) DEFAULT NULL, beginDate datetime DEFAULT NULL, content longtext, endDate datetime DEFAULT NULL, path varchar (255) DEFAULT NULL, title varchar (255) NOT NULL, type int (11) NOT NULL, url varchar (255) DEFAULT NULL, adPosition_id bigint (20) NOT NULL, PRIMARY KEY (id))
CREATE TABLE AdPosition (id bigint (20) NOT NULL, createdDate datetime NOT NULL, lastModifiedDate datetime NOT NULL, version bigint (20) NOT NULL, description varchar (255) DEFAULT NULL, height int (11) NOT NULL, name varchar (255) NOT NULL, template longtext NOT NULL, width int (11) NOT NULL, PRIMARY KEY (id))
CREATE TABLE Aftersales (dtype varchar (31) NOT NULL, id bigint (20) NOT NULL, createdDate datetime NOT NULL, lastModifiedDate datetime NOT NULL, version bigint (20) NOT NULL, deliveryCorp varchar (255) DEFAULT NULL, deliveryCorpCode varchar (255) DEFAULT NULL, reason longtext NOT NULL, status int (11) NOT NULL, trackingNo varchar (255) DEFAULT NULL, account varchar (255) DEFAULT NULL, bank varchar (255) DEFAULT NULL, method int (11) DEFAULT NULL, address varchar (255) DEFAULT NULL, area varchar (255) DEFAULT NULL, consignee varchar (255) DEFAULT NULL, phone varchar (255) DEFAULT NULL, member_id bigint (20) NOT NULL, store_id bigint (20) NOT NULL, PRIMARY KEY (id))
CREATE TABLE AftersalesItem (id bigint (20) NOT NULL, createdDate datetime NOT NULL, lastModifiedDate datetime NOT NULL, version bigint (20) NOT NULL, quantity int (11) NOT NULL, aftersales_id bigint (20) NOT NULL, orderItem_id bigint (20) NOT NULL, PRIMARY KEY (id))
CREATE TABLE AftersalesSetting (id bigint (20) NOT NULL, createdDate datetime NOT NULL, lastModifiedDate datetime NOT NULL, version bigint (20) NOT NULL, repairTips longtext, replacementTips longtext, returnsTips longtext, store_id bigint (20) NOT NULL, PRIMARY KEY (id))
CREATE TABLE Area (id bigint (20) NOT NULL, createdDate datetime NOT NULL, lastModifiedDate datetime NOT NULL, version bigint (20) NOT NULL, orders int (11) DEFAULT NULL, fullName varchar (4000) NOT NULL, grade int (11) NOT NULL, name varchar (255) NOT NULL, treePath varchar (255) NOT NULL, parent_id bigint (20) DEFAULT NULL, PRIMARY KEY (id))
CREATE TABLE AreaFreightConfig (id bigint (20) NOT NULL, createdDate datetime NOT NULL, lastModifiedDate datetime NOT NULL, version bigint (20) NOT NULL, continuePrice decimal (21, 6) NOT NULL, continueWeight int (11) NOT NULL, firstPrice decimal (21, 6) NOT NULL, firstWeight int (11) NOT NULL, shippingMethod_id bigint (20) NOT NULL, store_id bigint (20) NOT NULL, area_id bigint (20) NOT NULL, PRIMARY KEY (id))
CREATE TABLE Article (id bigint (20) NOT NULL, createdDate datetime NOT NULL, lastModifiedDate datetime NOT NULL, version bigint (20) NOT NULL, author varchar (255) DEFAULT NULL, content longtext, hits bigint (20) NOT NULL, isPublication bit (1) NOT NULL, isTop bit (1) NOT NULL, seoDescription varchar (255) DEFAULT NULL, seoKeywords varchar (255) DEFAULT NULL, seoTitle varchar (255) DEFAULT NULL, title varchar (255) NOT NULL, articleCategory_id bigint (20) NOT NULL, PRIMARY KEY (id))
CREATE TABLE ArticleCategory (id bigint (20) NOT NULL, createdDate datetime NOT NULL, lastModifiedDate datetime NOT NULL, version bigint (20) NOT NULL, orders int (11) DEFAULT NULL, grade int (11) NOT NULL, name varchar (255) NOT NULL, seoDescription varchar (255) DEFAULT NULL, seoKeywords varchar (255) DEFAULT NULL, seoTitle varchar (255) DEFAULT NULL, treePath varchar (255) NOT NULL, parent_id bigint (20) DEFAULT NULL, PRIMARY KEY (id))
CREATE TABLE ArticleTag (id bigint (20) NOT NULL, createdDate datetime NOT NULL, lastModifiedDate datetime NOT NULL, version bigint (20) NOT NULL, orders int (11) DEFAULT NULL, memo varchar (255) DEFAULT NULL, name varchar (255) NOT NULL, PRIMARY KEY (id))
CREATE TABLE Article_ArticleTag (articles_id bigint (20) NOT NULL, articleTags_id bigint (20) NOT NULL, PRIMARY KEY (articles_id, articleTags_id))
CREATE TABLE Attribute (id bigint (20) NOT NULL, createdDate datetime NOT NULL, lastModifiedDate datetime NOT NULL, version bigint (20) NOT NULL, orders int (11) DEFAULT NULL, name varchar (255) NOT NULL, options varchar (4000) NOT NULL, propertyIndex int (11) NOT NULL, productCategory_id bigint (20) NOT NULL, PRIMARY KEY (id))
CREATE TABLE AuditLog (id bigint (20) NOT NULL, createdDate datetime NOT NULL, lastModifiedDate datetime NOT NULL, version bigint (20) NOT NULL, action varchar (255) NOT NULL, detail varchar (255) DEFAULT NULL, ip varchar (255) NOT NULL, parameters varchar (4000) DEFAULT NULL, requestUrl varchar (255) NOT NULL, user_id bigint (20) DEFAULT NULL, PRIMARY KEY (id))
CREATE TABLE Brand (id bigint (20) NOT NULL, createdDate datetime NOT NULL, lastModifiedDate datetime NOT NULL, version bigint (20) NOT NULL, orders int (11) DEFAULT NULL, introduction longtext, logo varchar (255) DEFAULT NULL, name varchar (255) NOT NULL, type int (11) NOT NULL, url varchar (255) DEFAULT NULL, PRIMARY KEY (id))
CREATE TABLE BusinessAttribute (id bigint (20) NOT NULL, createdDate datetime NOT NULL, lastModifiedDate datetime NOT NULL, version bigint (20) NOT NULL, orders int (11) DEFAULT NULL, isEnabled bit (1) NOT NULL, isRequired bit (1) NOT NULL, name varchar (255) NOT NULL, options varchar (4000) DEFAULT NULL, pattern varchar (255) DEFAULT NULL, propertyIndex int (11) DEFAULT NULL, type int (11) NOT NULL, PRIMARY KEY (id))
CREATE TABLE BusinessCash (id bigint (20) NOT NULL, createdDate datetime NOT NULL, lastModifiedDate datetime NOT NULL, version bigint (20) NOT NULL, account varchar (255) NOT NULL, amount decimal (21, 6) NOT NULL, bank varchar (255) NOT NULL, status int (11) NOT NULL, business_id bigint (20) NOT NULL, PRIMARY KEY (id))
CREATE TABLE BusinessDepositLog (id bigint (20) NOT NULL, createdDate datetime NOT NULL, lastModifiedDate datetime NOT NULL, version bigint (20) NOT NULL, balance decimal (21, 6) NOT NULL, credit decimal (21, 6) NOT NULL, debit decimal (21, 6) NOT NULL, memo varchar (255) DEFAULT NULL, type int (11) NOT NULL, business_id bigint (20) NOT NULL, PRIMARY KEY (id))
CREATE TABLE Cart (id bigint (20) NOT NULL, createdDate datetime NOT NULL, lastModifiedDate datetime NOT NULL, version bigint (20) NOT NULL, expire datetime DEFAULT NULL, cartKey varchar (255) NOT NULL, member_id bigint (20) DEFAULT NULL, PRIMARY KEY (id))
CREATE TABLE CartItem (id bigint (20) NOT NULL, createdDate datetime NOT NULL, lastModifiedDate datetime NOT NULL, version bigint (20) NOT NULL, quantity int (11) NOT NULL, cart_id bigint (20) NOT NULL, sku_id bigint (20) NOT NULL, PRIMARY KEY (id))
CREATE TABLE CategoryApplication (id bigint (20) NOT NULL, createdDate datetime NOT NULL, lastModifiedDate datetime NOT NULL, version bigint (20) NOT NULL, rate double NOT NULL, status int (11) NOT NULL, productCategory_id bigint (20) NOT NULL, store_id bigint (20) NOT NULL, PRIMARY KEY (id))
CREATE TABLE Consultation (id bigint (20) NOT NULL, createdDate datetime NOT NULL, lastModifiedDate datetime NOT NULL, version bigint (20) NOT NULL, content longtext NOT NULL, ip varchar (255) NOT NULL, isShow bit (1) NOT NULL, forConsultation_id bigint (20) DEFAULT NULL, member_id bigint (20) DEFAULT NULL, product_id bigint (20) NOT NULL, store_id bigint (20) NOT NULL, PRIMARY KEY (id))
CREATE TABLE Coupon (id bigint (20) NOT NULL, createdDate datetime NOT NULL, lastModifiedDate datetime NOT NULL, version bigint (20) NOT NULL, beginDate datetime DEFAULT NULL, endDate datetime DEFAULT NULL, introduction longtext, isEnabled bit (1) NOT NULL, isExchange bit (1) NOT NULL, maximumPrice decimal (21, 6) DEFAULT NULL, maximumQuantity int (11) DEFAULT NULL, minimumPrice decimal (21, 6) DEFAULT NULL, minimumQuantity int (11) DEFAULT NULL, name varchar (255) NOT NULL, point bigint (20) DEFAULT NULL, prefix varchar (255) NOT NULL, priceExpression varchar (255) DEFAULT NULL, store_id bigint (20) DEFAULT NULL, PRIMARY KEY (id))
CREATE TABLE CouponAttribute_Coupon (couponAttributes_id bigint (20) NOT NULL, coupons_id bigint (20) NOT NULL, PRIMARY KEY (couponAttributes_id, coupons_id))
CREATE TABLE CouponCode (id bigint (20) NOT NULL, createdDate datetime NOT NULL, lastModifiedDate datetime NOT NULL, version bigint (20) NOT NULL, code varchar (255) NOT NULL, isUsed bit (1) NOT NULL, usedDate datetime DEFAULT NULL, coupon_id bigint (20) NOT NULL, member_id bigint (20) DEFAULT NULL, PRIMARY KEY (id))
CREATE TABLE DefaultFreightConfig (id bigint (20) NOT NULL, createdDate datetime NOT NULL, lastModifiedDate datetime NOT NULL, version bigint (20) NOT NULL, continuePrice decimal (21, 6) NOT NULL, continueWeight int (11) NOT NULL, firstPrice decimal (21, 6) NOT NULL, firstWeight int (11) NOT NULL, shippingMethod_id bigint (20) NOT NULL, store_id bigint (20) NOT NULL, PRIMARY KEY (id))
CREATE TABLE DeliveryCenter (id bigint (20) NOT NULL, createdDate datetime NOT NULL, lastModifiedDate datetime NOT NULL, version bigint (20) NOT NULL, address varchar (255) NOT NULL, areaName varchar (255) NOT NULL, contact varchar (255) NOT NULL, isDefault bit (1) NOT NULL, memo varchar (255) DEFAULT NULL, mobile varchar (255) DEFAULT NULL, name varchar (255) NOT NULL, phone varchar (255) DEFAULT NULL, zipCode varchar (255) DEFAULT NULL, area_id bigint (20) DEFAULT NULL, store_id bigint (20) DEFAULT NULL, PRIMARY KEY (id))
CREATE TABLE DeliveryCorp (id bigint (20) NOT NULL, createdDate datetime NOT NULL, lastModifiedDate datetime NOT NULL, version bigint (20) NOT NULL, orders int (11) DEFAULT NULL, code varchar (255) DEFAULT NULL, name varchar (255) NOT NULL, url varchar (255) DEFAULT NULL, PRIMARY KEY (id))
CREATE TABLE DeliveryTemplate (id bigint (20) NOT NULL, createdDate datetime NOT NULL, lastModifiedDate datetime NOT NULL, version bigint (20) NOT NULL, background varchar (255) DEFAULT NULL, content longtext NOT NULL, height int (11) NOT NULL, isDefault bit (1) NOT NULL, memo varchar (255) DEFAULT NULL, name varchar (255) NOT NULL, offsetX int (11) NOT NULL, offsetY int (11) NOT NULL, width int (11) NOT NULL, store_id bigint (20) NOT NULL, PRIMARY KEY (id))
CREATE TABLE DistributionCash (id bigint (20) NOT NULL, createdDate datetime NOT NULL, lastModifiedDate datetime NOT NULL, version bigint (20) NOT NULL, account varchar (255) NOT NULL, accountHolder varchar (255) NOT NULL, amount decimal (21, 6) NOT NULL, bank varchar (255) NOT NULL, status int (11) NOT NULL, distributor_id bigint (20) NOT NULL, PRIMARY KEY (id))
CREATE TABLE DistributionCommission (id bigint (20) NOT NULL, createdDate datetime NOT NULL, lastModifiedDate datetime NOT NULL, version bigint (20) NOT NULL, amount decimal (21, 6) NOT NULL, distributor_id bigint (20) NOT NULL, orders bigint (20) NOT NULL, PRIMARY KEY (id))
CREATE TABLE Distributor (id bigint (20) NOT NULL, createdDate datetime NOT NULL, lastModifiedDate datetime NOT NULL, version bigint (20) NOT NULL, member_id bigint (20) NOT NULL, parent_id bigint (20) DEFAULT NULL, PRIMARY KEY (id))
CREATE TABLE FriendLink (id bigint (20) NOT NULL, createdDate datetime NOT NULL, lastModifiedDate datetime NOT NULL, version bigint (20) NOT NULL, orders int (11) DEFAULT NULL, logo varchar (255) DEFAULT NULL, name varchar (255) NOT NULL, type int (11) NOT NULL, url varchar (255) NOT NULL, PRIMARY KEY (id))
CREATE TABLE GroupBuying (id bigint (20) NOT NULL, createdDate datetime NOT NULL, lastModifiedDate datetime NOT NULL, version bigint (20) NOT NULL, beginDate datetime DEFAULT NULL, endDate datetime DEFAULT NULL, groupSize int (11) DEFAULT NULL, purchasingLimit int (11) DEFAULT NULL, status int (11) NOT NULL, PRIMARY KEY (id))
CREATE TABLE IdGenerator (sequence_name varchar (255) NOT NULL, next_val bigint (20) DEFAULT NULL, PRIMARY KEY (sequence_name))
CREATE TABLE InstantMessage (id bigint (20) NOT NULL, createdDate datetime NOT NULL, lastModifiedDate datetime NOT NULL, version bigint (20) NOT NULL, orders int (11) DEFAULT NULL, account varchar (255) NOT NULL, name varchar (255) NOT NULL, type int (11) NOT NULL, store_id bigint (20) DEFAULT NULL, PRIMARY KEY (id))
CREATE TABLE MemberAttribute (id bigint (20) NOT NULL, createdDate datetime NOT NULL, lastModifiedDate datetime NOT NULL, version bigint (20) NOT NULL, orders int (11) DEFAULT NULL, isEnabled bit (1) NOT NULL, isRequired bit (1) NOT NULL, name varchar (255) NOT NULL, options varchar (4000) DEFAULT NULL, pattern varchar (255) DEFAULT NULL, propertyIndex int (11) DEFAULT NULL, type int (11) NOT NULL, PRIMARY KEY (id))
CREATE TABLE MemberDepositLog (id bigint (20) NOT NULL, createdDate datetime NOT NULL, lastModifiedDate datetime NOT NULL, version bigint (20) NOT NULL, balance decimal (21, 6) NOT NULL, credit decimal (21, 6) NOT NULL, debit decimal (21, 6) NOT NULL, memo varchar (255) DEFAULT NULL, type int (11) NOT NULL, member_id bigint (20) NOT NULL, PRIMARY KEY (id))
CREATE TABLE MemberRank (id bigint (20) NOT NULL, createdDate datetime NOT NULL, lastModifiedDate datetime NOT NULL, version bigint (20) NOT NULL, amount decimal (21, 6) DEFAULT NULL, isDefault bit (1) NOT NULL, isSpecial bit (1) NOT NULL, name varchar (255) NOT NULL, scale double NOT NULL, PRIMARY KEY (id))
CREATE TABLE Message (id bigint (20) NOT NULL, createdDate datetime NOT NULL, lastModifiedDate datetime NOT NULL, version bigint (20) NOT NULL, content varchar (4000) NOT NULL, fromUserMessageStatusIsDeleted bit (1) NOT NULL, fromUserMessageStatusIsRead bit (1) NOT NULL, ip varchar (255) NOT NULL, toUserMessageStatusIsDeleted bit (1) NOT NULL, toUserMessageStatusIsRead bit (1) NOT NULL, fromUser_id bigint (20) NOT NULL, messageGroup_id bigint (20) NOT NULL, toUser_id bigint (20) NOT NULL, PRIMARY KEY (id))
CREATE TABLE MessageConfig (id bigint (20) NOT NULL, createdDate datetime NOT NULL, lastModifiedDate datetime NOT NULL, version bigint (20) NOT NULL, isMailEnabled bit (1) NOT NULL, isSmsEnabled bit (1) NOT NULL, isWechatMessageEnabled bit (1) NOT NULL, type int (11) NOT NULL, PRIMARY KEY (id))
CREATE TABLE MessageGroup (id bigint (20) NOT NULL, createdDate datetime NOT NULL, lastModifiedDate datetime NOT NULL, version bigint (20) NOT NULL, user1MessageStatusIsDeleted bit (1) NOT NULL, user1MessageStatusIsRead bit (1) NOT NULL, user2MessageStatusIsDeleted bit (1) NOT NULL, user2MessageStatusIsRead bit (1) NOT NULL, user1_id bigint (20) NOT NULL, user2_id bigint (20) NOT NULL, PRIMARY KEY (id))
CREATE TABLE Navigation (id bigint (20) NOT NULL, createdDate datetime NOT NULL, lastModifiedDate datetime NOT NULL, version bigint (20) NOT NULL, orders int (11) DEFAULT NULL, isBlankTarget bit (1) NOT NULL, name varchar (255) NOT NULL, url varchar (255) NOT NULL, navigationGroup_id bigint (20) NOT NULL, PRIMARY KEY (id))
CREATE TABLE NavigationGroup (id bigint (20) NOT NULL, createdDate datetime NOT NULL, lastModifiedDate datetime NOT NULL, version bigint (20) NOT NULL, name varchar (255) NOT NULL, PRIMARY KEY (id))
CREATE TABLE OrderItem (id bigint (20) NOT NULL, createdDate datetime NOT NULL, lastModifiedDate datetime NOT NULL, version bigint (20) NOT NULL, distributionCommissionTotals decimal (21, 6) NOT NULL, isDelivery bit (1) NOT NULL, name varchar (255) NOT NULL, platformCommissionTotals decimal (21, 6) NOT NULL, price decimal (21, 6) NOT NULL, quantity int (11) NOT NULL, returnedQuantity int (11) NOT NULL, shippedQuantity int (11) NOT NULL, sn varchar (255) NOT NULL, specifications varchar (4000) DEFAULT NULL, thumbnail varchar (255) DEFAULT NULL, type int (11) NOT NULL, weight int (11) DEFAULT NULL, orders bigint (20) NOT NULL, sku_id bigint (20) DEFAULT NULL, PRIMARY KEY (id))
CREATE TABLE OrderLog (id bigint (20) NOT NULL, createdDate datetime NOT NULL, lastModifiedDate datetime NOT NULL, version bigint (20) NOT NULL, detail varchar (255) DEFAULT NULL, type int (11) NOT NULL, orders bigint (20) NOT NULL, PRIMARY KEY (id))
CREATE TABLE OrderPayment (id bigint (20) NOT NULL, createdDate datetime NOT NULL, lastModifiedDate datetime NOT NULL, version bigint (20) NOT NULL, account varchar (255) DEFAULT NULL, amount decimal (21, 6) NOT NULL, bank varchar (255) DEFAULT NULL, fee decimal (21, 6) NOT NULL, memo varchar (255) DEFAULT NULL, method int (11) NOT NULL, payer varchar (255) DEFAULT NULL, paymentMethod varchar (255) DEFAULT NULL, sn varchar (255) NOT NULL, orders bigint (20) NOT NULL, PRIMARY KEY (id))
CREATE TABLE OrderRefunds (id bigint (20) NOT NULL, createdDate datetime NOT NULL, lastModifiedDate datetime NOT NULL, version bigint (20) NOT NULL, account varchar (255) DEFAULT NULL, amount decimal (21, 6) NOT NULL, bank varchar (255) DEFAULT NULL, memo varchar (255) DEFAULT NULL, method int (11) NOT NULL, payee varchar (255) DEFAULT NULL, paymentMethod varchar (255) DEFAULT NULL, sn varchar (255) NOT NULL, orders bigint (20) NOT NULL, PRIMARY KEY (id))
CREATE TABLE OrderReturns (id bigint (20) NOT NULL, createdDate datetime NOT NULL, lastModifiedDate datetime NOT NULL, version bigint (20) NOT NULL, address varchar (255) DEFAULT NULL, area varchar (255) DEFAULT NULL, deliveryCorp varchar (255) DEFAULT NULL, freight decimal (21, 6) DEFAULT NULL, memo varchar (255) DEFAULT NULL, phone varchar (255) DEFAULT NULL, shipper varchar (255) DEFAULT NULL, shippingMethod varchar (255) DEFAULT NULL, sn varchar (255) NOT NULL, trackingNo varchar (255) DEFAULT NULL, zipCode varchar (255) DEFAULT NULL, orders bigint (20) NOT NULL, PRIMARY KEY (id))
CREATE TABLE OrderReturnsItem (id bigint (20) NOT NULL, createdDate datetime NOT NULL, lastModifiedDate datetime NOT NULL, version bigint (20) NOT NULL, name varchar (255) NOT NULL, quantity int (11) NOT NULL, sn varchar (255) NOT NULL, specifications varchar (4000) DEFAULT NULL, orderReturns_id bigint (20) NOT NULL, PRIMARY KEY (id))
CREATE TABLE OrderShipping (id bigint (20) NOT NULL, createdDate datetime NOT NULL, lastModifiedDate datetime NOT NULL, version bigint (20) NOT NULL, address varchar (255) DEFAULT NULL, area varchar (255) DEFAULT NULL, consignee varchar (255) DEFAULT NULL, deliveryCorp varchar (255) DEFAULT NULL, deliveryCorpCode varchar (255) DEFAULT NULL, deliveryCorpUrl varchar (255) DEFAULT NULL, freight decimal (21, 6) DEFAULT NULL, memo varchar (255) DEFAULT NULL, phone varchar (255) DEFAULT NULL, shippingMethod varchar (255) DEFAULT NULL, sn varchar (255) NOT NULL, trackingNo varchar (255) DEFAULT NULL, zipCode varchar (255) DEFAULT NULL, orders bigint (20) NOT NULL, PRIMARY KEY (id))
CREATE TABLE OrderShippingItem (id bigint (20) NOT NULL, createdDate datetime NOT NULL, lastModifiedDate datetime NOT NULL, version bigint (20) NOT NULL, isDelivery bit (1) NOT NULL, name varchar (255) NOT NULL, quantity int (11) NOT NULL, sn varchar (255) NOT NULL, specifications varchar (4000) DEFAULT NULL, orderShipping_id bigint (20) NOT NULL, sku_id bigint (20) DEFAULT NULL, PRIMARY KEY (id))
CREATE TABLE Orders (id bigint (20) NOT NULL, createdDate datetime NOT NULL, lastModifiedDate datetime NOT NULL, version bigint (20) NOT NULL, address varchar (255) DEFAULT NULL, amount decimal (21, 6) NOT NULL, amountPaid decimal (21, 6) NOT NULL, areaName varchar (255) DEFAULT NULL, completeDate datetime DEFAULT NULL, consignee varchar (255) DEFAULT NULL, couponDiscount decimal (21, 6) NOT NULL, exchangePoint bigint (20) NOT NULL, expire datetime DEFAULT NULL, fee decimal (21, 6) NOT NULL, freight decimal (21, 6) NOT NULL, invoiceContent varchar (255) DEFAULT NULL, invoiceTaxNumber varchar (255) DEFAULT NULL, invoiceTitle varchar (255) DEFAULT NULL, isAllocatedStock bit (1) NOT NULL, isExchangePoint bit (1) NOT NULL, isReviewed bit (1) NOT NULL, isUseCouponCode bit (1) NOT NULL, memo varchar (255) DEFAULT NULL, offsetAmount decimal (21, 6) NOT NULL, paymentMethodName varchar (255) DEFAULT NULL, paymentMethodType int (11) DEFAULT NULL, phone varchar (255) DEFAULT NULL, price decimal (21, 6) NOT NULL, promotionDiscount decimal (21, 6) NOT NULL, promotionNames varchar (4000) DEFAULT NULL, quantity int (11) NOT NULL, refundAmount decimal (21, 6) NOT NULL, returnedQuantity int (11) NOT NULL, rewardPoint bigint (20) NOT NULL, shippedQuantity int (11) NOT NULL, shippingMethodName varchar (255) DEFAULT NULL, sn varchar (255) NOT NULL, status int (11) NOT NULL, tax decimal (21, 6) NOT NULL, type int (11) NOT NULL, weight int (11) NOT NULL, zipCode varchar (255) DEFAULT NULL, area_id bigint (20) DEFAULT NULL, couponCode_id bigint (20) DEFAULT NULL, groupBuying_id bigint (20) DEFAULT NULL, member_id bigint (20) NOT NULL, paymentMethod_id bigint (20) DEFAULT NULL, shippingMethod_id bigint (20) DEFAULT NULL, store_id bigint (20) NOT NULL, PRIMARY KEY (id))
CREATE TABLE Orders_Coupon (orders_id bigint (20) NOT NULL, coupons_id bigint (20) NOT NULL)
CREATE TABLE Parameter (id bigint (20) NOT NULL, createdDate datetime NOT NULL, lastModifiedDate datetime NOT NULL, version bigint (20) NOT NULL, orders int (11) DEFAULT NULL, parameterGroup varchar (255) NOT NULL, names varchar (4000) NOT NULL, productCategory_id bigint (20) NOT NULL, PRIMARY KEY (id))
CREATE TABLE PaymentMethod (id bigint (20) NOT NULL, createdDate datetime NOT NULL, lastModifiedDate datetime NOT NULL, version bigint (20) NOT NULL, orders int (11) DEFAULT NULL, content longtext, description varchar (255) DEFAULT NULL, icon varchar (255) DEFAULT NULL, method int (11) NOT NULL, name varchar (255) NOT NULL, timeout int (11) DEFAULT NULL, type int (11) NOT NULL, PRIMARY KEY (id))
CREATE TABLE PaymentTransaction (id bigint (20) NOT NULL, createdDate datetime NOT NULL, lastModifiedDate datetime NOT NULL, version bigint (20) NOT NULL, amount decimal (21, 6) NOT NULL, expire datetime DEFAULT NULL, fee decimal (21, 6) NOT NULL, isSuccess bit (1) DEFAULT NULL, paymentPluginId varchar (255) DEFAULT NULL, paymentPluginName varchar (255) DEFAULT NULL, rePayUrl varchar (255) DEFAULT NULL, sn varchar (255) NOT NULL, type int (11) DEFAULT NULL, orders bigint (20) DEFAULT NULL, parent_id bigint (20) DEFAULT NULL, store_id bigint (20) DEFAULT NULL, svc_id bigint (20) DEFAULT NULL, user_id bigint (20) DEFAULT NULL, PRIMARY KEY (id))
CREATE TABLE PluginConfig (id bigint (20) NOT NULL, createdDate datetime NOT NULL, lastModifiedDate datetime NOT NULL, version bigint (20) NOT NULL, orders int (11) DEFAULT NULL, attributes varchar (4000) DEFAULT NULL, isEnabled bit (1) NOT NULL, pluginId varchar (255) NOT NULL, PRIMARY KEY (id))
CREATE TABLE PointLog (id bigint (20) NOT NULL, createdDate datetime NOT NULL, lastModifiedDate datetime NOT NULL, version bigint (20) NOT NULL, balance bigint (20) NOT NULL, credit bigint (20) NOT NULL, debit bigint (20) NOT NULL, memo varchar (255) DEFAULT NULL, type int (11) NOT NULL, member_id bigint (20) NOT NULL, PRIMARY KEY (id))
CREATE TABLE Product (id bigint (20) NOT NULL, createdDate datetime NOT NULL, lastModifiedDate datetime NOT NULL, version bigint (20) NOT NULL, attributeValue0 varchar (255) DEFAULT NULL, attributeValue1 varchar (255) DEFAULT NULL, attributeValue10 varchar (255) DEFAULT NULL, attributeValue11 varchar (255) DEFAULT NULL, attributeValue12 varchar (255) DEFAULT NULL, attributeValue13 varchar (255) DEFAULT NULL, attributeValue14 varchar (255) DEFAULT NULL, attributeValue15 varchar (255) DEFAULT NULL, attributeValue16 varchar (255) DEFAULT NULL, attributeValue17 varchar (255) DEFAULT NULL, attributeValue18 varchar (255) DEFAULT NULL, attributeValue19 varchar (255) DEFAULT NULL, attributeValue2 varchar (255) DEFAULT NULL, attributeValue3 varchar (255) DEFAULT NULL, attributeValue4 varchar (255) DEFAULT NULL, attributeValue5 varchar (255) DEFAULT NULL, attributeValue6 varchar (255) DEFAULT NULL, attributeValue7 varchar (255) DEFAULT NULL, attributeValue8 varchar (255) DEFAULT NULL, attributeValue9 varchar (255) DEFAULT NULL, caption varchar (255) DEFAULT NULL, cost decimal (21, 6) DEFAULT NULL, hits bigint (20) NOT NULL, introduction longtext, isActive bit (1) NOT NULL, isDelivery bit (1) NOT NULL, isList bit (1) NOT NULL, isMarketable bit (1) NOT NULL, isTop bit (1) NOT NULL, keyword varchar (255) DEFAULT NULL, marketPrice decimal (21, 6) NOT NULL, maxCommission decimal (21, 6) NOT NULL, memo varchar (255) DEFAULT NULL, monthHits bigint (20) NOT NULL, monthHitsDate datetime NOT NULL, monthSales bigint (20) NOT NULL, monthSalesDate datetime NOT NULL, name varchar (255) NOT NULL, parameterValues varchar (4000) DEFAULT NULL, price decimal (21, 6) NOT NULL, productImages varchar (4000) DEFAULT NULL, sales bigint (20) NOT NULL, score float NOT NULL, scoreCount bigint (20) NOT NULL, sn varchar (255) NOT NULL, specificationItems varchar (4000) DEFAULT NULL, totalScore bigint (20) NOT NULL, type int (11) NOT NULL, unit varchar (255) DEFAULT NULL, weekHits bigint (20) NOT NULL, weekHitsDate datetime NOT NULL, weekSales bigint (20) NOT NULL, weekSalesDate datetime NOT NULL, weight int (11) DEFAULT NULL, brand_id bigint (20) DEFAULT NULL, productCategory_id bigint (20) NOT NULL, store_id bigint (20) NOT NULL, storeProductCategory_id bigint (20) DEFAULT NULL, PRIMARY KEY (id))
CREATE TABLE ProductCategory (id bigint (20) NOT NULL, createdDate datetime NOT NULL, lastModifiedDate datetime NOT NULL, version bigint (20) NOT NULL, orders int (11) DEFAULT NULL, generalRate double NOT NULL, grade int (11) NOT NULL, name varchar (255) NOT NULL, selfRate double NOT NULL, seoDescription varchar (255) DEFAULT NULL, seoKeywords varchar (255) DEFAULT NULL, seoTitle varchar (255) DEFAULT NULL, treePath varchar (255) NOT NULL, parent_id bigint (20) DEFAULT NULL, PRIMARY KEY (id))
CREATE TABLE ProductCategory_Brand (productCategories_id bigint (20) NOT NULL, brands_id bigint (20) NOT NULL, PRIMARY KEY (productCategories_id, brands_id))
CREATE TABLE ProductCategory_Promotion (productCategories_id bigint (20) NOT NULL, promotions_id bigint (20) NOT NULL, PRIMARY KEY (productCategories_id, promotions_id))
CREATE TABLE ProductFavorite (id bigint (20) NOT NULL, createdDate datetime NOT NULL, lastModifiedDate datetime NOT NULL, version bigint (20) NOT NULL, member_id bigint (20) NOT NULL, product_id bigint (20) NOT NULL, PRIMARY KEY (id))
CREATE TABLE ProductNotify (id bigint (20) NOT NULL, createdDate datetime NOT NULL, lastModifiedDate datetime NOT NULL, version bigint (20) NOT NULL, email varchar (255) NOT NULL, hasSent bit (1) NOT NULL, member_id bigint (20) DEFAULT NULL, sku_id bigint (20) NOT NULL, PRIMARY KEY (id))
CREATE TABLE ProductTag (id bigint (20) NOT NULL, createdDate datetime NOT NULL, lastModifiedDate datetime NOT NULL, version bigint (20) NOT NULL, orders int (11) DEFAULT NULL, memo varchar (255) DEFAULT NULL, name varchar (255) NOT NULL, PRIMARY KEY (id))
CREATE TABLE Product_ProductTag (products_id bigint (20) NOT NULL, productTags_id bigint (20) NOT NULL, PRIMARY KEY (products_id, productTags_id))
CREATE TABLE Product_StoreProductTag (products_id bigint (20) NOT NULL, storeProductTags_id bigint (20) NOT NULL, PRIMARY KEY (products_id, storeProductTags_id))
CREATE TABLE Promotion (id bigint (20) NOT NULL, createdDate datetime NOT NULL, lastModifiedDate datetime NOT NULL, version bigint (20) NOT NULL, orders int (11) DEFAULT NULL, beginDate datetime DEFAULT NULL, endDate datetime DEFAULT NULL, image varchar (255) DEFAULT NULL, introduction longtext, isCouponAllowed bit (1) NOT NULL, isEnabled bit (1) NOT NULL, name varchar (255) NOT NULL, promotionPluginId varchar (255) NOT NULL, store_id bigint (20) NOT NULL, PRIMARY KEY (id))
CREATE TABLE PromotionDefaultAttribute (dtype varchar (31) NOT NULL, id bigint (20) NOT NULL, createdDate datetime NOT NULL, lastModifiedDate datetime NOT NULL, version bigint (20) NOT NULL, maxPrice decimal (19, 2) DEFAULT NULL, maxQuantity int (11) DEFAULT NULL, minPrice decimal (19, 2) DEFAULT NULL, minQuantity int (11) DEFAULT NULL, discounValue decimal (19, 2) DEFAULT NULL, discountType int (11) DEFAULT NULL, isFreeShipping bit (1) DEFAULT NULL, conditionValue decimal (19, 2) DEFAULT NULL, promotion_id bigint (20) NOT NULL, groupBuying_id bigint (20) DEFAULT NULL, PRIMARY KEY (id))
CREATE TABLE PromotionDefaultAttribute_Sku (giftAttributes_id bigint (20) NOT NULL, gifts_id bigint (20) NOT NULL, PRIMARY KEY (giftAttributes_id, gifts_id))
CREATE TABLE Promotion_MemberRank (promotions_id bigint (20) NOT NULL, memberRanks_id bigint (20) NOT NULL, PRIMARY KEY (promotions_id, memberRanks_id))
CREATE TABLE Promotion_Product (promotions_id bigint (20) NOT NULL, products_id bigint (20) NOT NULL, PRIMARY KEY (promotions_id, products_id))
CREATE TABLE Receiver (id bigint (20) NOT NULL, createdDate datetime NOT NULL, lastModifiedDate datetime NOT NULL, version bigint (20) NOT NULL, address varchar (255) NOT NULL, areaName varchar (255) NOT NULL, consignee varchar (255) NOT NULL, isDefault bit (1) NOT NULL, phone varchar (255) NOT NULL, zipCode varchar (255) NOT NULL, area_id bigint (20) NOT NULL, member_id bigint (20) NOT NULL, PRIMARY KEY (id))
CREATE TABLE Review (id bigint (20) NOT NULL, createdDate datetime NOT NULL, lastModifiedDate datetime NOT NULL, version bigint (20) NOT NULL, content varchar (255) DEFAULT NULL, ip varchar (255) NOT NULL, isShow bit (1) NOT NULL, score int (11) NOT NULL, specifications varchar (4000) DEFAULT NULL, forReview_id bigint (20) DEFAULT NULL, member_id bigint (20) NOT NULL, product_id bigint (20) NOT NULL, store_id bigint (20) NOT NULL, PRIMARY KEY (id))
CREATE TABLE Role (id bigint (20) NOT NULL, createdDate datetime NOT NULL, lastModifiedDate datetime NOT NULL, version bigint (20) NOT NULL, description varchar (255) DEFAULT NULL, isSystem bit (1) NOT NULL, name varchar (255) NOT NULL, permissions varchar (4000) NOT NULL, PRIMARY KEY (id))
CREATE TABLE Seo (id bigint (20) NOT NULL, createdDate datetime NOT NULL, lastModifiedDate datetime NOT NULL, version bigint (20) NOT NULL, description varchar (255) DEFAULT NULL, keywords varchar (255) DEFAULT NULL, title varchar (255) DEFAULT NULL, type int (11) NOT NULL, PRIMARY KEY (id))
CREATE TABLE ShippingMethod (id bigint (20) NOT NULL, createdDate datetime NOT NULL, lastModifiedDate datetime NOT NULL, version bigint (20) NOT NULL, orders int (11) DEFAULT NULL, description varchar (255) DEFAULT NULL, icon varchar (255) DEFAULT NULL, name varchar (255) NOT NULL, defaultDeliveryCorp_id bigint (20) DEFAULT NULL, PRIMARY KEY (id))
CREATE TABLE ShippingMethod_PaymentMethod (shippingMethods_id bigint (20) NOT NULL, paymentMethods_id bigint (20) NOT NULL, PRIMARY KEY (shippingMethods_id, paymentMethods_id))
CREATE TABLE Sku (id bigint (20) NOT NULL, createdDate datetime NOT NULL, lastModifiedDate datetime NOT NULL, version bigint (20) NOT NULL, allocatedStock int (11) NOT NULL, cost decimal (21, 6) DEFAULT NULL, exchangePoint bigint (20) NOT NULL, isDefault bit (1) NOT NULL, marketPrice decimal (21, 6) NOT NULL, maxCommission decimal (21, 6) NOT NULL, price decimal (21, 6) NOT NULL, rewardPoint bigint (20) NOT NULL, sn varchar (255) NOT NULL, specificationValues varchar (4000) DEFAULT NULL, stock int (11) NOT NULL, product_id bigint (20) NOT NULL, PRIMARY KEY (id))
CREATE TABLE Sn (id bigint (20) NOT NULL, createdDate datetime NOT NULL, lastModifiedDate datetime NOT NULL, version bigint (20) NOT NULL, lastValue bigint (20) NOT NULL, type int (11) NOT NULL, PRIMARY KEY (id))
CREATE TABLE SocialUser (id bigint (20) NOT NULL, createdDate datetime NOT NULL, lastModifiedDate datetime NOT NULL, version bigint (20) NOT NULL, loginPluginId varchar (255) NOT NULL, uniqueId varchar (255) NOT NULL, user_id bigint (20) DEFAULT NULL, PRIMARY KEY (id))
CREATE TABLE Specification (id bigint (20) NOT NULL, createdDate datetime NOT NULL, lastModifiedDate datetime NOT NULL, version bigint (20) NOT NULL, orders int (11) DEFAULT NULL, name varchar (255) NOT NULL, options varchar (4000) NOT NULL, productCategory_id bigint (20) NOT NULL, PRIMARY KEY (id))
CREATE TABLE Statistic (id bigint (20) NOT NULL, createdDate datetime NOT NULL, lastModifiedDate datetime NOT NULL, version bigint (20) NOT NULL, day int (11) NOT NULL, month int (11) NOT NULL, type int (11) NOT NULL, value decimal (21, 6) NOT NULL, year int (11) NOT NULL, store_id bigint (20) DEFAULT NULL, PRIMARY KEY (id))
CREATE TABLE StockLog (id bigint (20) NOT NULL, createdDate datetime NOT NULL, lastModifiedDate datetime NOT NULL, version bigint (20) NOT NULL, inQuantity int (11) NOT NULL, memo varchar (255) DEFAULT NULL, outQuantity int (11) NOT NULL, stock int (11) NOT NULL, type int (11) NOT NULL, sku_id bigint (20) NOT NULL, PRIMARY KEY (id))
CREATE TABLE Store (id bigint (20) NOT NULL, createdDate datetime NOT NULL, lastModifiedDate datetime NOT NULL, version bigint (20) NOT NULL, address varchar (255) DEFAULT NULL, bailPaid decimal (27, 12) NOT NULL, email varchar (255) NOT NULL, endDate datetime NOT NULL, introduction longtext, isEnabled bit (1) NOT NULL, keyword varchar (255) DEFAULT NULL, logo varchar (255) DEFAULT NULL, mobile varchar (255) NOT NULL, name varchar (255) NOT NULL, phone varchar (255) DEFAULT NULL, status int (11) NOT NULL, type int (11) NOT NULL, zipCode varchar (255) DEFAULT NULL, business_id bigint (20) NOT NULL, storeCategory_id bigint (20) NOT NULL, storeRank_id bigint (20) NOT NULL, PRIMARY KEY (id))
CREATE TABLE StoreAdImage (id bigint (20) NOT NULL, createdDate datetime NOT NULL, lastModifiedDate datetime NOT NULL, version bigint (20) NOT NULL, orders int (11) DEFAULT NULL, image varchar (255) NOT NULL, title varchar (255) DEFAULT NULL, url varchar (255) DEFAULT NULL, store_id bigint (20) NOT NULL, PRIMARY KEY (id))
CREATE TABLE StoreCategory (id bigint (20) NOT NULL, createdDate datetime NOT NULL, lastModifiedDate datetime NOT NULL, version bigint (20) NOT NULL, orders int (11) DEFAULT NULL, bail decimal (21, 6) NOT NULL, name varchar (255) NOT NULL, PRIMARY KEY (id))
CREATE TABLE StoreFavorite (id bigint (20) NOT NULL, createdDate datetime NOT NULL, lastModifiedDate datetime NOT NULL, version bigint (20) NOT NULL, member_id bigint (20) NOT NULL, store_id bigint (20) NOT NULL, PRIMARY KEY (id))
CREATE TABLE StorePluginStatus (id bigint (20) NOT NULL, createdDate datetime NOT NULL, lastModifiedDate datetime NOT NULL, version bigint (20) NOT NULL, endDate datetime NOT NULL, pluginId varchar (255) NOT NULL, store_id bigint (20) NOT NULL, PRIMARY KEY (id))
CREATE TABLE StoreProductCategory (id bigint (20) NOT NULL, createdDate datetime NOT NULL, lastModifiedDate datetime NOT NULL, version bigint (20) NOT NULL, orders int (11) DEFAULT NULL, grade int (11) NOT NULL, name varchar (255) NOT NULL, treePath varchar (255) NOT NULL, parent_id bigint (20) DEFAULT NULL, store_id bigint (20) NOT NULL, PRIMARY KEY (id))
CREATE TABLE StoreProductTag (id bigint (20) NOT NULL, createdDate datetime NOT NULL, lastModifiedDate datetime NOT NULL, version bigint (20) NOT NULL, orders int (11) DEFAULT NULL, isEnabled bit (1) NOT NULL, memo varchar (255) DEFAULT NULL, name varchar (255) NOT NULL, store_id bigint (20) NOT NULL, PRIMARY KEY (id))
CREATE TABLE StoreRank (id bigint (20) NOT NULL, createdDate datetime NOT NULL, lastModifiedDate datetime NOT NULL, version bigint (20) NOT NULL, orders int (11) DEFAULT NULL, isAllowRegister bit (1) NOT NULL, memo varchar (255) DEFAULT NULL, name varchar (255) NOT NULL, quantity bigint (20) DEFAULT NULL, serviceFee decimal (21, 6) NOT NULL, PRIMARY KEY (id))
CREATE TABLE Store_ProductCategory (stores_id bigint (20) NOT NULL, productCategories_id bigint (20) NOT NULL, PRIMARY KEY (stores_id, productCategories_id))
CREATE TABLE Svc (dtype varchar (31) NOT NULL, id bigint (20) NOT NULL, createdDate datetime NOT NULL, lastModifiedDate datetime NOT NULL, version bigint (20) NOT NULL, amount decimal (21, 6) NOT NULL, durationDays int (11) DEFAULT NULL, sn varchar (255) NOT NULL, promotionPluginId varchar (255) DEFAULT NULL, store_id bigint (20) DEFAULT NULL, PRIMARY KEY (id))
CREATE TABLE Users (dtype varchar (31) NOT NULL, id bigint (20) NOT NULL, createdDate datetime NOT NULL, lastModifiedDate datetime NOT NULL, version bigint (20) NOT NULL, isEnabled bit (1) NOT NULL, isLocked bit (1) NOT NULL, lastLoginDate datetime DEFAULT NULL, lastLoginIp varchar (255) DEFAULT NULL, lockDate datetime DEFAULT NULL, department varchar (255) DEFAULT NULL, email varchar (255) NOT NULL, encodedPassword varchar (255) NOT NULL, mobile varchar (255) NOT NULL, name varchar (255) DEFAULT NULL, username varchar (255) NOT NULL, attributeValue0 varchar (255) DEFAULT NULL, attributeValue1 varchar (255) DEFAULT NULL, attributeValue10 varchar (255) DEFAULT NULL, attributeValue11 varchar (255) DEFAULT NULL, attributeValue12 varchar (255) DEFAULT NULL, attributeValue13 varchar (255) DEFAULT NULL, attributeValue14 varchar (255) DEFAULT NULL, attributeValue15 varchar (255) DEFAULT NULL, attributeValue16 varchar (255) DEFAULT NULL, attributeValue17 varchar (255) DEFAULT NULL, attributeValue18 varchar (255) DEFAULT NULL, attributeValue19 varchar (255) DEFAULT NULL, attributeValue2 varchar (255) DEFAULT NULL, attributeValue3 varchar (255) DEFAULT NULL, attributeValue4 varchar (255) DEFAULT NULL, attributeValue5 varchar (255) DEFAULT NULL, attributeValue6 varchar (255) DEFAULT NULL, attributeValue7 varchar (255) DEFAULT NULL, attributeValue8 varchar (255) DEFAULT NULL, attributeValue9 varchar (255) DEFAULT NULL, balance decimal (27, 12) DEFAULT NULL, bankAccount varchar (255) DEFAULT NULL, bankName varchar (255) DEFAULT NULL, frozenAmount decimal (27, 12) DEFAULT NULL, idCard varchar (255) DEFAULT NULL, idCardImage varchar (255) DEFAULT NULL, identificationNumber varchar (255) DEFAULT NULL, legalPerson varchar (255) DEFAULT NULL, licenseImage varchar (255) DEFAULT NULL, licenseNumber varchar (255) DEFAULT NULL, organizationCode varchar (255) DEFAULT NULL, organizationImage varchar (255) DEFAULT NULL, phone varchar (255) DEFAULT NULL, safeKeyExpire datetime DEFAULT NULL, safeKeyValue varchar (255) DEFAULT NULL, taxImage varchar (255) DEFAULT NULL, address varchar (255) DEFAULT NULL, amount decimal (27, 12) DEFAULT NULL, birth datetime DEFAULT NULL, gender int (11) DEFAULT NULL, point bigint (20) DEFAULT NULL, zipCode varchar (255) DEFAULT NULL, area_id bigint (20) DEFAULT NULL, memberRank_id bigint (20) DEFAULT NULL, PRIMARY KEY (id))
CREATE TABLE Users_Role (admins_id bigint (20) NOT NULL, roles_id bigint (20) NOT NULL, PRIMARY KEY (admins_id, roles_id))
CREATE TABLE WechatMessageTemplate (id bigint (20) NOT NULL, createdDate datetime NOT NULL, lastModifiedDate datetime NOT NULL, version bigint (20) NOT NULL, templateId varchar (255) NOT NULL, title varchar (255) NOT NULL, templateParameters varchar (4000) DEFAULT NULL, messageConfig_id bigint (20) NOT NULL, PRIMARY KEY (id))

CREATE INDEX ind_Ad_adPosition_id ON Ad (adPosition_id)
CREATE INDEX ind_Aftersales_member_id ON Aftersales (member_id)
CREATE INDEX ind_Aftersales_store_id ON Aftersales (store_id)
CREATE INDEX ind_AftersalesItem_aftersales_id ON AftersalesItem (aftersales_id)
CREATE INDEX ind_AftersalesItem_orderItem_id ON AftersalesItem (orderItem_id)
CREATE INDEX ind_AftersalesSetting_store_id ON AftersalesSetting (store_id)
CREATE INDEX ind_Area_parent_id ON Area (parent_id)
CREATE INDEX ind_AreaFreightConfig_shippingMethod_id ON AreaFreightConfig (shippingMethod_id)
CREATE INDEX ind_AreaFreightConfig_store_id ON AreaFreightConfig (store_id)
CREATE INDEX ind_AreaFreightConfig_area_id ON AreaFreightConfig (area_id)
CREATE INDEX ind_Article_articleCategory_id ON Article (articleCategory_id)
CREATE INDEX ind_ArticleCategory_parent_id ON ArticleCategory (parent_id)
CREATE INDEX ind_Article_ArticleTag_articleTags_id ON Article_ArticleTag (articleTags_id)
CREATE INDEX ind_Attribute_productCategory_id ON Attribute (productCategory_id)
CREATE INDEX ind_AuditLog_user_id ON AuditLog (user_id)
CREATE INDEX ind_BusinessCash_business_id ON BusinessCash (business_id)
CREATE INDEX ind_BusinessDepositLog_business_id ON BusinessDepositLog (business_id)
CREATE INDEX ind_Cart_member_id ON Cart (member_id)
CREATE INDEX ind_CartItem_cart_id ON CartItem (cart_id)
CREATE INDEX ind_CartItem_sku_id ON CartItem (sku_id)
CREATE INDEX ind_CategoryApplication_productCategory_id ON CategoryApplication (productCategory_id)
CREATE INDEX ind_CategoryApplication_store_id ON CategoryApplication (store_id)
CREATE INDEX ind_Consultation_forConsultation_id ON Consultation (forConsultation_id)
CREATE INDEX ind_Consultation_member_id ON Consultation (member_id)
CREATE INDEX ind_Consultation_product_id ON Consultation (product_id)
CREATE INDEX ind_Consultation_store_id ON Consultation (store_id)
CREATE INDEX ind_Coupon_store_id ON Coupon (store_id)
CREATE INDEX ind_CouponAttribute_Coupon_coupons_id ON CouponAttribute_Coupon (coupons_id)
CREATE INDEX ind_CouponCode_coupon_id ON CouponCode (coupon_id)
CREATE INDEX ind_CouponCode_member_id ON CouponCode (member_id)
CREATE INDEX ind_DefaultFreightConfig_shippingMethod_id ON DefaultFreightConfig (shippingMethod_id)
CREATE INDEX ind_DefaultFreightConfig_store_id ON DefaultFreightConfig (store_id)
CREATE INDEX ind_DeliveryCenter_area_id ON DeliveryCenter (area_id)
CREATE INDEX ind_DeliveryCenter_store_id ON DeliveryCenter (store_id)
CREATE INDEX ind_DeliveryTemplate_store_id ON DeliveryTemplate (store_id)
CREATE INDEX ind_DistributionCash_distributor_id ON DistributionCash (distributor_id)
CREATE INDEX ind_DistributionCommission_distributor_id ON DistributionCommission (distributor_id)
CREATE INDEX ind_DistributionCommission_orders ON DistributionCommission (orders)
CREATE INDEX ind_Distributor_member_id ON Distributor (member_id)
CREATE INDEX ind_Distributor_parent_id ON Distributor (parent_id)
CREATE INDEX ind_InstantMessage_store_id ON InstantMessage (store_id)
CREATE INDEX ind_MemberDepositLog_member_id ON MemberDepositLog (member_id)
CREATE INDEX ind_Message_fromUser_id ON Message (fromUser_id)
CREATE INDEX ind_Message_messageGroup_id ON Message (messageGroup_id)
CREATE INDEX ind_Message_toUser_id ON Message (toUser_id)
CREATE INDEX ind_MessageGroup_user1_id ON MessageGroup (user1_id)
CREATE INDEX ind_MessageGroup_user2_id ON MessageGroup (user2_id)
CREATE INDEX ind_Navigation_navigationGroup_id ON Navigation (navigationGroup_id)
CREATE INDEX ind_OrderItem_orders ON OrderItem (orders)
CREATE INDEX ind_OrderItem_sku_id ON OrderItem (sku_id)
CREATE INDEX ind_OrderLog_orders ON OrderLog (orders)
CREATE INDEX ind_OrderPayment_orders ON OrderPayment (orders)
CREATE INDEX ind_OrderRefunds_orders ON OrderRefunds (orders)
CREATE INDEX ind_OrderReturns_orders ON OrderReturns (orders)
CREATE INDEX ind_OrderReturnsItem_orderReturns_id ON OrderReturnsItem (orderReturns_id)
CREATE INDEX ind_OrderShipping_orders ON OrderShipping (orders)
CREATE INDEX ind_OrderShippingItem_orderShipping_id ON OrderShippingItem (orderShipping_id)
CREATE INDEX ind_OrderShippingItem_sku_id ON OrderShippingItem (sku_id)
CREATE INDEX ind_Orders_area_id ON Orders (area_id)
CREATE INDEX ind_Orders_couponCode_id ON Orders (couponCode_id)
CREATE INDEX ind_Orders_groupBuying_id ON Orders (groupBuying_id)
CREATE INDEX ind_Orders_member_id ON Orders (member_id)
CREATE INDEX ind_Orders_paymentMethod_id ON Orders (paymentMethod_id)
CREATE INDEX ind_Orders_shippingMethod_id ON Orders (shippingMethod_id)
CREATE INDEX ind_Orders_store_id ON Orders (store_id)
CREATE INDEX ind_Orders_Coupon_coupons_id ON Orders_Coupon (coupons_id)
CREATE INDEX ind_Orders_Coupon_orders_id ON Orders_Coupon (orders_id)
CREATE INDEX ind_Parameter_productCategory_id ON Parameter (productCategory_id)
CREATE INDEX ind_PaymentTransaction_orders ON PaymentTransaction (orders)
CREATE INDEX ind_PaymentTransaction_parent_id ON PaymentTransaction (parent_id)
CREATE INDEX ind_PaymentTransaction_store_id ON PaymentTransaction (store_id)
CREATE INDEX ind_PaymentTransaction_svc_id ON PaymentTransaction (svc_id)
CREATE INDEX ind_PaymentTransaction_user_id ON PaymentTransaction (user_id)
CREATE INDEX ind_PointLog_member_id ON PointLog (member_id)
CREATE INDEX ind_Product_brand_id ON Product (brand_id)
CREATE INDEX ind_Product_productCategory_id ON Product (productCategory_id)
CREATE INDEX ind_Product_store_id ON Product (store_id)
CREATE INDEX ind_Product_storeProductCategory_id ON Product (storeProductCategory_id)
CREATE INDEX ind_ProductCategory_parent_id ON ProductCategory (parent_id)
CREATE INDEX ind_ProductCategory_Brand_brands_id ON ProductCategory_Brand (brands_id)
CREATE INDEX ind_ProductCategory_Promotion_promotions_id ON ProductCategory_Promotion (promotions_id)
CREATE INDEX ind_ProductFavorite_product_id ON ProductFavorite (product_id)
CREATE INDEX ind_ProductNotify_member_id ON ProductNotify (member_id)
CREATE INDEX ind_ProductNotify_sku_id ON ProductNotify (sku_id)
CREATE INDEX ind_Product_ProductTag_productTags_id ON Product_ProductTag (productTags_id)
CREATE INDEX ind_Product_StoreProductTag_storeProductTags_id ON Product_StoreProductTag (storeProductTags_id)
CREATE INDEX ind_Promotion_store_id ON Promotion (store_id)
CREATE INDEX ind_PromotionDefaultAttribute_promotion_id ON PromotionDefaultAttribute (promotion_id)
CREATE INDEX ind_PromotionDefaultAttribute_groupBuying_id ON PromotionDefaultAttribute (groupBuying_id)
CREATE INDEX ind_PromotionDefaultAttribute_Sku_gifts_id ON PromotionDefaultAttribute_Sku (gifts_id)
CREATE INDEX ind_Promotion_MemberRank_memberRanks_id ON Promotion_MemberRank (memberRanks_id)
CREATE INDEX ind_Promotion_Product_products_id ON Promotion_Product (products_id)
CREATE INDEX ind_Receiver_area_id ON Receiver (area_id)
CREATE INDEX ind_Receiver_member_id ON Receiver (member_id)
CREATE INDEX ind_Review_forReview_id ON Review (forReview_id)
CREATE INDEX ind_Review_member_id ON Review (member_id)
CREATE INDEX ind_Review_product_id ON Review (product_id)
CREATE INDEX ind_Review_store_id ON Review (store_id)
CREATE INDEX ind_ShippingMethod_defaultDeliveryCorp_id ON ShippingMethod (defaultDeliveryCorp_id)
CREATE INDEX ind_ShippingMethod_PaymentMethod_paymentMethods_id ON ShippingMethod_PaymentMethod (paymentMethods_id)
CREATE INDEX ind_Sku_product_id ON Sku (product_id)
CREATE INDEX ind_SocialUser_user_id ON SocialUser (user_id)
CREATE INDEX ind_Specification_productCategory_id ON Specification (productCategory_id)
CREATE INDEX ind_Statistic_store_id ON Statistic (store_id)
CREATE INDEX ind_StockLog_sku_id ON StockLog (sku_id)
CREATE INDEX ind_Store_business_id ON Store (business_id)
CREATE INDEX ind_Store_storeCategory_id ON Store (storeCategory_id)
CREATE INDEX ind_Store_storeRank_id ON Store (storeRank_id)
CREATE INDEX ind_StoreAdImage_store_id ON StoreAdImage (store_id)
CREATE INDEX ind_StoreFavorite_store_id ON StoreFavorite (store_id)
CREATE INDEX ind_StorePluginStatus_store_id ON StorePluginStatus (store_id)
CREATE INDEX ind_StoreProductCategory_parent_id ON StoreProductCategory (parent_id)
CREATE INDEX ind_StoreProductCategory_store_id ON StoreProductCategory (store_id)
CREATE INDEX ind_StoreProductTag_store_id ON StoreProductTag (store_id)
CREATE INDEX ind_Store_ProductCategory_productCategories_id ON Store_ProductCategory (productCategories_id)
CREATE INDEX ind_Svc_store_id ON Svc (store_id)
CREATE INDEX ind_Users_area_id ON Users (area_id)
CREATE INDEX ind_Users_memberRank_id ON Users (memberRank_id)
CREATE INDEX ind_Users_Role_roles_id ON Users_Role (roles_id)
CREATE INDEX ind_WechatMessageTemplate_messageConfig_id ON WechatMessageTemplate (messageConfig_id)

ALTER TABLE Cart ADD UNIQUE (cartKey)
ALTER TABLE CouponCode ADD UNIQUE (code)
ALTER TABLE MessageConfig ADD UNIQUE (type)
ALTER TABLE OrderPayment ADD UNIQUE (sn)
ALTER TABLE OrderRefunds ADD UNIQUE (sn)
ALTER TABLE OrderReturns ADD UNIQUE (sn)
ALTER TABLE OrderShipping ADD UNIQUE (sn)
ALTER TABLE Orders ADD UNIQUE (sn)
ALTER TABLE PaymentTransaction ADD UNIQUE (sn)
ALTER TABLE PluginConfig ADD UNIQUE (pluginId)
ALTER TABLE Product ADD UNIQUE (sn)
ALTER TABLE Seo ADD UNIQUE (type)
ALTER TABLE Sku ADD UNIQUE (sn)
ALTER TABLE Sn ADD UNIQUE (type)
ALTER TABLE Store ADD UNIQUE (name)
ALTER TABLE StoreRank ADD UNIQUE (name)
ALTER TABLE Svc ADD UNIQUE (sn)

INSERT INTO AdPosition (id, createdDate, lastModifiedDate, version, description, height, name, template, width) VALUES (1, '${date?string("yyyy-MM-dd HH:mm:ss")}', '${date?string("yyyy-MM-dd HH:mm:ss")}', 0, NULL, 100, '顶部广告', '<#noparse>[#if adPosition.ads?has_content]\r\n [#list adPosition.ads as ad]\r\n    [#if ad.type == "IMAGE" && ad.hasBegun() && !ad.hasEnded()]\r\n     <div id="mainHeaderTopAd" class="top-ad">\r\n       <button class="close" type="button">\r\n          <span>&times;</span>\r\n        </button>\r\n       [#if ad.url?has_content]\r\n          <a href="${ad.url}" target="blank">\r\n           <img src="${ad.path}" alt="${ad.title}">\r\n          </a>\r\n        [#else]\r\n         <img src="${ad.path}" alt="${ad.title}">\r\n        [/#if]\r\n      </div>\r\n      [#break /]\r\n    [/#if]\r\n  [/#list]\r\n[/#if]</#noparse>', 1190)
INSERT INTO AdPosition (id, createdDate, lastModifiedDate, version, description, height, name, template, width) VALUES (2, '${date?string("yyyy-MM-dd HH:mm:ss")}', '${date?string("yyyy-MM-dd HH:mm:ss")}', 0, NULL, 500, '首页-主轮播广告', '<#noparse>[#if adPosition.ads?has_content]\r\n <ul id="mainSlider" class="main-slider">\r\n    [#list adPosition.ads as ad]\r\n      [#if ad.type == "IMAGE" && ad.hasBegun() && !ad.hasEnded()]\r\n       [#if ad.url?has_content]\r\n          <li style="background-image: url(${ad.path});">\r\n           <a href="${ad.url}" target="blank"></a>\r\n         </li>\r\n       [#else]\r\n         <li style="background-image: url(${ad.path});"></li>\r\n        [/#if]\r\n      [/#if]\r\n    [/#list]\r\n  </ul>\r\n[/#if]</#noparse>', 1920)
INSERT INTO AdPosition (id, createdDate, lastModifiedDate, version, description, height, name, template, width) VALUES (3, '${date?string("yyyy-MM-dd HH:mm:ss")}', '${date?string("yyyy-MM-dd HH:mm:ss")}', 0, NULL, 205, '首页-侧轮播广告', '<#noparse>[#if adPosition.ads?has_content]\r\n  <ul id="sideSlider" class="side-slider clearfix">\r\n   [#list adPosition.ads as ad]\r\n      [#if ad.type == "IMAGE" && ad.hasBegun() && !ad.hasEnded()]\r\n       [#if ad.url?has_content]\r\n          <li>\r\n            <a href="${ad.url}" target="blank">\r\n             <img src="${ad.path}" alt="${ad.title}">\r\n            </a>\r\n          </li>\r\n       [#else]\r\n         <li>\r\n            <img src="${ad.path}" alt="${ad.title}">\r\n          </li>\r\n       [/#if]\r\n      [/#if]\r\n    [/#list]\r\n  </ul>\r\n[/#if]</#noparse>', 205)
INSERT INTO AdPosition (id, createdDate, lastModifiedDate, version, description, height, name, template, width) VALUES (4, '${date?string("yyyy-MM-dd HH:mm:ss")}', '${date?string("yyyy-MM-dd HH:mm:ss")}', 0, NULL, 190, '首页-热点广告', '<#noparse>[#if adPosition.ads?has_content]\r\n  <div class="row">\r\n   <div class="col-xs-12">\r\n     <div class="hot-ad">\r\n        <ul class="clearfix">\r\n         [#list adPosition.ads as ad]\r\n            [#if ad.type == "IMAGE" && ad.hasBegun() && !ad.hasEnded()]\r\n             [#if ad.url?has_content]\r\n                <li>\r\n                  <a href="${ad.url}" target="blank">\r\n                   <img src="${ad.path}" alt="${ad.title}">\r\n                  </a>\r\n                </li>\r\n             [#else]\r\n               <li>\r\n                  <img src="${ad.path}" alt="${ad.title}">\r\n                </li>\r\n             [/#if]\r\n            [/#if]\r\n          [/#list]\r\n        </ul>\r\n     </div>\r\n    </div>\r\n  </div>\r\n[/#if]</#noparse>', 317)
INSERT INTO AdPosition (id, createdDate, lastModifiedDate, version, description, height, name, template, width) VALUES (5, '${date?string("yyyy-MM-dd HH:mm:ss")}', '${date?string("yyyy-MM-dd HH:mm:ss")}', 0, NULL, 80, '首页-中部广告', '<#noparse>[#if adPosition.ads?has_content]\r\n  [#list adPosition.ads as ad]\r\n    [#if ad.type == "IMAGE" && ad.hasBegun() && !ad.hasEnded()]\r\n     <div class="row">\r\n       <div class="col-xs-12">\r\n         <div class="middle-ad">\r\n           [#if ad.url?has_content]\r\n              <a href="${ad.url}" target="blank">\r\n               <img src="${ad.path}" alt="${ad.title}">\r\n              </a>\r\n            [#else]\r\n             <img src="${ad.path}" alt="${ad.title}">\r\n            [/#if]\r\n          </div>\r\n        </div>\r\n      </div>\r\n      [#break /]\r\n    [/#if]\r\n  [/#list]\r\n[/#if]</#noparse>', 1330)
INSERT INTO AdPosition (id, createdDate, lastModifiedDate, version, description, height, name, template, width) VALUES (6, '${date?string("yyyy-MM-dd HH:mm:ss")}', '${date?string("yyyy-MM-dd HH:mm:ss")}', 0, NULL, 500, '首页-手机数码广告', '<#noparse>[#if adPosition.ads?has_content]\r\n  [#list adPosition.ads as ad]\r\n    [#if ad.type == "IMAGE" && ad.hasBegun() && !ad.hasEnded()]\r\n     <div class="ad">\r\n        [#if ad.url?has_content]\r\n          <a href="${ad.url}" target="blank">\r\n           <img src="${ad.path}" alt="${ad.title}">\r\n          </a>\r\n        [#else]\r\n         <img src="${ad.path}" alt="${ad.title}">\r\n        [/#if]\r\n      </div>\r\n      [#break /]\r\n    [/#if]\r\n  [/#list]\r\n[/#if]</#noparse>', 216)
INSERT INTO AdPosition (id, createdDate, lastModifiedDate, version, description, height, name, template, width) VALUES (7, '${date?string("yyyy-MM-dd HH:mm:ss")}', '${date?string("yyyy-MM-dd HH:mm:ss")}', 0, NULL, 500, '首页-手机数码轮播广告', '<#noparse>[#if adPosition.ads?has_content]\r\n <ul class="slider">\r\n   [#list adPosition.ads as ad]\r\n      [#if ad.type == "IMAGE" && ad.hasBegun() && !ad.hasEnded()]\r\n       <li>\r\n          [#if ad.url?has_content]\r\n            <a href="${ad.url}" target="blank">\r\n             <img src="${ad.path}" alt="${ad.title}">\r\n            </a>\r\n          [#else]\r\n           <img src="${ad.path}" alt="${ad.title}">\r\n          [/#if]\r\n        </li>\r\n     [/#if]\r\n    [/#list]\r\n  </ul>\r\n[/#if]</#noparse>', 450)
INSERT INTO AdPosition (id, createdDate, lastModifiedDate, version, description, height, name, template, width) VALUES (8, '${date?string("yyyy-MM-dd HH:mm:ss")}', '${date?string("yyyy-MM-dd HH:mm:ss")}', 0, NULL, 500, '首页-办公家电广告', '<#noparse>[#if adPosition.ads?has_content]\r\n  [#list adPosition.ads as ad]\r\n    [#if ad.type == "IMAGE" && ad.hasBegun() && !ad.hasEnded()]\r\n     <div class="ad">\r\n        [#if ad.url?has_content]\r\n          <a href="${ad.url}" target="blank">\r\n           <img src="${ad.path}" alt="${ad.title}">\r\n          </a>\r\n        [#else]\r\n         <img src="${ad.path}" alt="${ad.title}">\r\n        [/#if]\r\n      </div>\r\n      [#break /]\r\n    [/#if]\r\n  [/#list]\r\n[/#if]</#noparse>', 216)
INSERT INTO AdPosition (id, createdDate, lastModifiedDate, version, description, height, name, template, width) VALUES (9, '${date?string("yyyy-MM-dd HH:mm:ss")}', '${date?string("yyyy-MM-dd HH:mm:ss")}', 0, NULL, 500, '首页-办公家电轮播广告', '<#noparse>[#if adPosition.ads?has_content]\r\n <ul class="slider">\r\n   [#list adPosition.ads as ad]\r\n      [#if ad.type == "IMAGE" && ad.hasBegun() && !ad.hasEnded()]\r\n       <li>\r\n          [#if ad.url?has_content]\r\n            <a href="${ad.url}" target="blank">\r\n             <img src="${ad.path}" alt="${ad.title}">\r\n            </a>\r\n          [#else]\r\n           <img src="${ad.path}" alt="${ad.title}">\r\n          [/#if]\r\n        </li>\r\n     [/#if]\r\n    [/#list]\r\n  </ul>\r\n[/#if]</#noparse>', 450)
INSERT INTO AdPosition (id, createdDate, lastModifiedDate, version, description, height, name, template, width) VALUES (10, '${date?string("yyyy-MM-dd HH:mm:ss")}', '${date?string("yyyy-MM-dd HH:mm:ss")}', 0, NULL, 500, '首页-精品服饰广告', '<#noparse>[#if adPosition.ads?has_content]\r\n [#list adPosition.ads as ad]\r\n    [#if ad.type == "IMAGE" && ad.hasBegun() && !ad.hasEnded()]\r\n     <div class="ad">\r\n        [#if ad.url?has_content]\r\n          <a href="${ad.url}" target="blank">\r\n           <img src="${ad.path}" alt="${ad.title}">\r\n          </a>\r\n        [#else]\r\n         <img src="${ad.path}" alt="${ad.title}">\r\n        [/#if]\r\n      </div>\r\n      [#break /]\r\n    [/#if]\r\n  [/#list]\r\n[/#if]</#noparse>', 216)
INSERT INTO AdPosition (id, createdDate, lastModifiedDate, version, description, height, name, template, width) VALUES (11, '${date?string("yyyy-MM-dd HH:mm:ss")}', '${date?string("yyyy-MM-dd HH:mm:ss")}', 0, NULL, 500, '首页-精品服饰轮播广告', '<#noparse>[#if adPosition.ads?has_content]\r\n  <ul class="slider">\r\n   [#list adPosition.ads as ad]\r\n      [#if ad.type == "IMAGE" && ad.hasBegun() && !ad.hasEnded()]\r\n       <li>\r\n          [#if ad.url?has_content]\r\n            <a href="${ad.url}" target="blank">\r\n             <img src="${ad.path}" alt="${ad.title}">\r\n            </a>\r\n          [#else]\r\n           <img src="${ad.path}" alt="${ad.title}">\r\n          [/#if]\r\n        </li>\r\n     [/#if]\r\n    [/#list]\r\n  </ul>\r\n[/#if]</#noparse>', 450)
INSERT INTO AdPosition (id, createdDate, lastModifiedDate, version, description, height, name, template, width) VALUES (12, '${date?string("yyyy-MM-dd HH:mm:ss")}', '${date?string("yyyy-MM-dd HH:mm:ss")}', 0, NULL, 500, '首页-珠宝饰品广告', '<#noparse>[#if adPosition.ads?has_content]\r\n [#list adPosition.ads as ad]\r\n    [#if ad.type == "IMAGE" && ad.hasBegun() && !ad.hasEnded()]\r\n     <div class="ad">\r\n        [#if ad.url?has_content]\r\n          <a href="${ad.url}" target="blank">\r\n           <img src="${ad.path}" alt="${ad.title}">\r\n          </a>\r\n        [#else]\r\n         <img src="${ad.path}" alt="${ad.title}">\r\n        [/#if]\r\n      </div>\r\n      [#break /]\r\n    [/#if]\r\n  [/#list]\r\n[/#if]</#noparse>', 216)
INSERT INTO AdPosition (id, createdDate, lastModifiedDate, version, description, height, name, template, width) VALUES (13, '${date?string("yyyy-MM-dd HH:mm:ss")}', '${date?string("yyyy-MM-dd HH:mm:ss")}', 0, NULL, 500, '首页-珠宝饰品轮播广告', '<#noparse>[#if adPosition.ads?has_content]\r\n  <ul class="slider">\r\n   [#list adPosition.ads as ad]\r\n      [#if ad.type == "IMAGE" && ad.hasBegun() && !ad.hasEnded()]\r\n       <li>\r\n          [#if ad.url?has_content]\r\n            <a href="${ad.url}" target="blank">\r\n             <img src="${ad.path}" alt="${ad.title}">\r\n            </a>\r\n          [#else]\r\n           <img src="${ad.path}" alt="${ad.title}">\r\n          [/#if]\r\n        </li>\r\n     [/#if]\r\n    [/#list]\r\n  </ul>\r\n[/#if]</#noparse>', 450)
INSERT INTO AdPosition (id, createdDate, lastModifiedDate, version, description, height, name, template, width) VALUES (14, '${date?string("yyyy-MM-dd HH:mm:ss")}', '${date?string("yyyy-MM-dd HH:mm:ss")}', 0, NULL, 500, '首页-美妆护肤广告', '<#noparse>[#if adPosition.ads?has_content]\r\n [#list adPosition.ads as ad]\r\n    [#if ad.type == "IMAGE" && ad.hasBegun() && !ad.hasEnded()]\r\n     <div class="ad">\r\n        [#if ad.url?has_content]\r\n          <a href="${ad.url}" target="blank">\r\n           <img src="${ad.path}" alt="${ad.title}">\r\n          </a>\r\n        [#else]\r\n         <img src="${ad.path}" alt="${ad.title}">\r\n        [/#if]\r\n      </div>\r\n      [#break /]\r\n    [/#if]\r\n  [/#list]\r\n[/#if]</#noparse>', 216)
INSERT INTO AdPosition (id, createdDate, lastModifiedDate, version, description, height, name, template, width) VALUES (15, '${date?string("yyyy-MM-dd HH:mm:ss")}', '${date?string("yyyy-MM-dd HH:mm:ss")}', 0, NULL, 500, '首页-美妆护肤轮播广告', '<#noparse>[#if adPosition.ads?has_content]\r\n  <ul class="slider">\r\n   [#list adPosition.ads as ad]\r\n      [#if ad.type == "IMAGE" && ad.hasBegun() && !ad.hasEnded()]\r\n       <li>\r\n          [#if ad.url?has_content]\r\n            <a href="${ad.url}" target="blank">\r\n             <img src="${ad.path}" alt="${ad.title}">\r\n            </a>\r\n          [#else]\r\n           <img src="${ad.path}" alt="${ad.title}">\r\n          [/#if]\r\n        </li>\r\n     [/#if]\r\n    [/#list]\r\n  </ul>\r\n[/#if]</#noparse>', 450)
INSERT INTO AdPosition (id, createdDate, lastModifiedDate, version, description, height, name, template, width) VALUES (16, '${date?string("yyyy-MM-dd HH:mm:ss")}', '${date?string("yyyy-MM-dd HH:mm:ss")}', 0, NULL, 80, '首页-底部广告', '<#noparse>[#if adPosition.ads?has_content]\r\n  [#list adPosition.ads as ad]\r\n    [#if ad.type == "IMAGE" && ad.hasBegun() && !ad.hasEnded()]\r\n     <div class="row">\r\n       <div class="col-xs-12">\r\n         <div class="bottom-ad">\r\n           [#if ad.url?has_content]\r\n              <a href="${ad.url}" target="blank">\r\n               <img src="${ad.path}" alt="${ad.title}">\r\n              </a>\r\n            [#else]\r\n             <img src="${ad.path}" alt="${ad.title}">\r\n            [/#if]\r\n          </div>\r\n        </div>\r\n      </div>\r\n      [#break /]\r\n    [/#if]\r\n  [/#list]\r\n[/#if]</#noparse>', 1330)
INSERT INTO AdPosition (id, createdDate, lastModifiedDate, version, description, height, name, template, width) VALUES (17, '${date?string("yyyy-MM-dd HH:mm:ss")}', '${date?string("yyyy-MM-dd HH:mm:ss")}', 0, NULL, 460, '会员登录-左侧广告', '<#noparse>[#if adPosition.ads?has_content]\r\n [#list adPosition.ads as ad]\r\n    [#if ad.type == "IMAGE" && ad.hasBegun() && !ad.hasEnded()]\r\n     <div class="left-ad">\r\n       [#if ad.url?has_content]\r\n          <a href="${ad.url}" target="blank">\r\n           <img src="${ad.path}" alt="${ad.title}">\r\n          </a>\r\n        [#else]\r\n         <img src="${ad.path}" alt="${ad.title}">\r\n        [/#if]\r\n      </div>\r\n      [#break /]\r\n    [/#if]\r\n  [/#list]\r\n[/#if]</#noparse>', 800)
INSERT INTO AdPosition (id, createdDate, lastModifiedDate, version, description, height, name, template, width) VALUES (18, '${date?string("yyyy-MM-dd HH:mm:ss")}', '${date?string("yyyy-MM-dd HH:mm:ss")}', 0, NULL, 400, '首页-主轮播广告(移动端)', '<#noparse>[#if adPosition.ads?has_content]\r\n  <ul id="mainSlider">\r\n    [#list adPosition.ads as ad]\r\n      [#if ad.type == "IMAGE" && ad.hasBegun() && !ad.hasEnded()]\r\n       [#if ad.url?has_content]\r\n          <li>\r\n            <a href="${ad.url}">\r\n              <img src="${ad.path}" alt="${ad.title}">\r\n            </a>\r\n          </li>\r\n       [#else]\r\n         <li>\r\n            <img src="${ad.path}" alt="${ad.title}">\r\n          </li>\r\n       [/#if]\r\n      [/#if]\r\n    [/#list]\r\n  </ul>\r\n[/#if]</#noparse>', 800)
INSERT INTO AdPosition (id, createdDate, lastModifiedDate, version, description, height, name, template, width) VALUES (19, '${date?string("yyyy-MM-dd HH:mm:ss")}', '${date?string("yyyy-MM-dd HH:mm:ss")}', 0, NULL, 280, '首页-热点广告(移动端)', '<#noparse>[#if adPosition.ads?has_content]\r\n  <div class="hot-ad">\r\n    <ul class="clearfix">\r\n     [#list adPosition.ads as ad]\r\n        [#if ad.type == "IMAGE" && ad.hasBegun() && !ad.hasEnded()]\r\n         [#if ad.url?has_content]\r\n            <li>\r\n              <a href="${ad.url}">\r\n                <img class="img-responsive center-block" src="${ad.path}" alt="${ad.title}">\r\n              </a>\r\n            </li>\r\n         [#else]\r\n           <li>\r\n              <img class="img-responsive center-block" src="${ad.path}" alt="${ad.title}">\r\n            </li>\r\n         [/#if]\r\n        [/#if]\r\n      [/#list]\r\n    </ul>\r\n </div>\r\n[/#if]</#noparse>', 232)
INSERT INTO AdPosition (id, createdDate, lastModifiedDate, version, description, height, name, template, width) VALUES (20, '${date?string("yyyy-MM-dd HH:mm:ss")}', '${date?string("yyyy-MM-dd HH:mm:ss")}', 0, NULL, 330, '首页-中部广告(移动端)', '<#noparse>[#if adPosition.ads?has_content]\r\n [#list adPosition.ads as ad]\r\n    [#if ad.type == "IMAGE" && ad.hasBegun() && !ad.hasEnded()]\r\n     <div class="middle-ad">\r\n       [#if ad.url?has_content]\r\n          <a href="${ad.url}">\r\n            <img class="img-responsive center-block" src="${ad.path}" alt="${ad.title}">\r\n          </a>\r\n        [#else]\r\n         <img class="img-responsive center-block" src="${ad.path}" alt="${ad.title}">\r\n        [/#if]\r\n      </div>\r\n      [#break /]\r\n    [/#if]\r\n  [/#list]\r\n[/#if]</#noparse>', 1242)

INSERT INTO Ad (id, createdDate, lastModifiedDate, version, orders, beginDate, content, endDate, path, title, type, url, adPosition_id) VALUES (1, '${date?string("yyyy-MM-dd HH:mm:ss")}', '${date?string("yyyy-MM-dd HH:mm:ss")}', 0, 1, NULL, NULL, NULL, '${demoImageUrlPrefix}/cc976454-1494-43de-96a8-fda391c880a9.jpg', '空调0元安装放心购', 1, '${siteUrl}', 1)
INSERT INTO Ad (id, createdDate, lastModifiedDate, version, orders, beginDate, content, endDate, path, title, type, url, adPosition_id) VALUES (2, '${date?string("yyyy-MM-dd HH:mm:ss")}', '${date?string("yyyy-MM-dd HH:mm:ss")}', 0, 1, NULL, NULL, NULL, '${demoImageUrlPrefix}/86141e82-dff3-4818-9c0a-6a5fce806bc1.jpg', '春夏新风尚', 1, '${siteUrl}', 2)
INSERT INTO Ad (id, createdDate, lastModifiedDate, version, orders, beginDate, content, endDate, path, title, type, url, adPosition_id) VALUES (3, '${date?string("yyyy-MM-dd HH:mm:ss")}', '${date?string("yyyy-MM-dd HH:mm:ss")}', 0, 2, NULL, NULL, NULL, '${demoImageUrlPrefix}/bd735bef-3129-4cad-bdf4-32c0cd046dbd.jpg', '水润一夏', 1, '${siteUrl}', 2)
INSERT INTO Ad (id, createdDate, lastModifiedDate, version, orders, beginDate, content, endDate, path, title, type, url, adPosition_id) VALUES (4, '${date?string("yyyy-MM-dd HH:mm:ss")}', '${date?string("yyyy-MM-dd HH:mm:ss")}', 0, 3, NULL, NULL, NULL, '${demoImageUrlPrefix}/c010135b-5fa8-45a7-9567-2390780d825a.jpg', '美丽女人节', 1, '${siteUrl}', 2)
INSERT INTO Ad (id, createdDate, lastModifiedDate, version, orders, beginDate, content, endDate, path, title, type, url, adPosition_id) VALUES (5, '${date?string("yyyy-MM-dd HH:mm:ss")}', '${date?string("yyyy-MM-dd HH:mm:ss")}', 0, 1, NULL, NULL, NULL, '${demoImageUrlPrefix}/11d06c96-99be-4515-b6ca-85068423817a.jpg', 'Apple iPhone X', 1, '${siteUrl}', 3)
INSERT INTO Ad (id, createdDate, lastModifiedDate, version, orders, beginDate, content, endDate, path, title, type, url, adPosition_id) VALUES (6, '${date?string("yyyy-MM-dd HH:mm:ss")}', '${date?string("yyyy-MM-dd HH:mm:ss")}', 0, 2, NULL, NULL, NULL, '${demoImageUrlPrefix}/0c38895c-7ba6-4680-bafa-2d824d2d5588.jpg', 'Apple iPhone 8 Plus', 1, '${siteUrl}', 3)
INSERT INTO Ad (id, createdDate, lastModifiedDate, version, orders, beginDate, content, endDate, path, title, type, url, adPosition_id) VALUES (7, '${date?string("yyyy-MM-dd HH:mm:ss")}', '${date?string("yyyy-MM-dd HH:mm:ss")}', 0, 3, NULL, NULL, NULL, '${demoImageUrlPrefix}/1b2fb5a2-a0f6-49a2-8298-83a6e319b36d.jpg', 'Apple MacBook Pro', 1, '${siteUrl}', 3)
INSERT INTO Ad (id, createdDate, lastModifiedDate, version, orders, beginDate, content, endDate, path, title, type, url, adPosition_id) VALUES (8, '${date?string("yyyy-MM-dd HH:mm:ss")}', '${date?string("yyyy-MM-dd HH:mm:ss")}', 0, 1, NULL, NULL, NULL, '${demoImageUrlPrefix}/957e5c20-189b-4b15-bf9c-0592353e254f.jpg', 'iPhone X', 1, '${siteUrl}', 4)
INSERT INTO Ad (id, createdDate, lastModifiedDate, version, orders, beginDate, content, endDate, path, title, type, url, adPosition_id) VALUES (9, '${date?string("yyyy-MM-dd HH:mm:ss")}', '${date?string("yyyy-MM-dd HH:mm:ss")}', 0, 2, NULL, NULL, NULL, '${demoImageUrlPrefix}/432460bf-dfe1-4fd3-974c-23c5b47554e7.jpg', 'MacBook Pro', 1, '${siteUrl}', 4)
INSERT INTO Ad (id, createdDate, lastModifiedDate, version, orders, beginDate, content, endDate, path, title, type, url, adPosition_id) VALUES (10, '${date?string("yyyy-MM-dd HH:mm:ss")}', '${date?string("yyyy-MM-dd HH:mm:ss")}', 0, 3, NULL, NULL, NULL, '${demoImageUrlPrefix}/8babd3ff-05e8-4ef5-a2cf-9a5f5aae7014.jpg', '智能空调专场', 1, '${siteUrl}', 4)
INSERT INTO Ad (id, createdDate, lastModifiedDate, version, orders, beginDate, content, endDate, path, title, type, url, adPosition_id) VALUES (11, '${date?string("yyyy-MM-dd HH:mm:ss")}', '${date?string("yyyy-MM-dd HH:mm:ss")}', 0, 4, NULL, NULL, NULL, '${demoImageUrlPrefix}/40c2d287-705b-4355-88cf-fa7d6be30ee7.jpg', '智能电视', 1, '${siteUrl}', 4)
INSERT INTO Ad (id, createdDate, lastModifiedDate, version, orders, beginDate, content, endDate, path, title, type, url, adPosition_id) VALUES (12, '${date?string("yyyy-MM-dd HH:mm:ss")}', '${date?string("yyyy-MM-dd HH:mm:ss")}', 0, 1, NULL, NULL, NULL, '${demoImageUrlPrefix}/1438a1bb-a81f-407d-96f1-ed0bf0c8f4bb.jpg', '家用电器专场', 1, '${siteUrl}', 5)
INSERT INTO Ad (id, createdDate, lastModifiedDate, version, orders, beginDate, content, endDate, path, title, type, url, adPosition_id) VALUES (13, '${date?string("yyyy-MM-dd HH:mm:ss")}', '${date?string("yyyy-MM-dd HH:mm:ss")}', 0, 1, NULL, NULL, NULL, '${demoImageUrlPrefix}/dfe0a0f7-e7be-47d9-b2fd-6dc9734d9672.jpg', '小米手机专场', 1, '${siteUrl}', 6)
INSERT INTO Ad (id, createdDate, lastModifiedDate, version, orders, beginDate, content, endDate, path, title, type, url, adPosition_id) VALUES (14, '${date?string("yyyy-MM-dd HH:mm:ss")}', '${date?string("yyyy-MM-dd HH:mm:ss")}', 0, 1, NULL, NULL, NULL, '${demoImageUrlPrefix}/1a371dc2-a6e2-4864-a6b9-f88ef00647dd.jpg', 'iphone X', 1, '${siteUrl}', 7)
INSERT INTO Ad (id, createdDate, lastModifiedDate, version, orders, beginDate, content, endDate, path, title, type, url, adPosition_id) VALUES (15, '${date?string("yyyy-MM-dd HH:mm:ss")}', '${date?string("yyyy-MM-dd HH:mm:ss")}', 0, 2, NULL, NULL, NULL, '${demoImageUrlPrefix}/e2cd0b0c-a577-42b7-8ed1-8fdfa1cba561.jpg', '旗舰之作', 1, '${siteUrl}', 7)
INSERT INTO Ad (id, createdDate, lastModifiedDate, version, orders, beginDate, content, endDate, path, title, type, url, adPosition_id) VALUES (16, '${date?string("yyyy-MM-dd HH:mm:ss")}', '${date?string("yyyy-MM-dd HH:mm:ss")}', 0, 3, NULL, NULL, NULL, '${demoImageUrlPrefix}/b5019a53-d75e-497d-937c-9035fc982395.jpg', '不容质疑的薄和美', 1, '${siteUrl}', 7)
INSERT INTO Ad (id, createdDate, lastModifiedDate, version, orders, beginDate, content, endDate, path, title, type, url, adPosition_id) VALUES (17, '${date?string("yyyy-MM-dd HH:mm:ss")}', '${date?string("yyyy-MM-dd HH:mm:ss")}', 0, 1, NULL, NULL, NULL, '${demoImageUrlPrefix}/37a61bd3-985f-47a1-a696-0f72e90bb33f.jpg', '双倍负离子 双倍柔顺', 1, '${siteUrl}', 8)
INSERT INTO Ad (id, createdDate, lastModifiedDate, version, orders, beginDate, content, endDate, path, title, type, url, adPosition_id) VALUES (18, '${date?string("yyyy-MM-dd HH:mm:ss")}', '${date?string("yyyy-MM-dd HH:mm:ss")}', 0, 1, NULL, NULL, NULL, '${demoImageUrlPrefix}/94bf539a-568a-4f32-a2c0-0d4b2382dc7b.jpg', '智能预约', 1, '${siteUrl}', 9)
INSERT INTO Ad (id, createdDate, lastModifiedDate, version, orders, beginDate, content, endDate, path, title, type, url, adPosition_id) VALUES (19, '${date?string("yyyy-MM-dd HH:mm:ss")}', '${date?string("yyyy-MM-dd HH:mm:ss")}', 0, 2, NULL, NULL, NULL, '${demoImageUrlPrefix}/4d7d890d-4b85-422b-8a43-64ed003b8a68.jpg', '不再等待 速度快', 1, '${siteUrl}', 9)
INSERT INTO Ad (id, createdDate, lastModifiedDate, version, orders, beginDate, content, endDate, path, title, type, url, adPosition_id) VALUES (20, '${date?string("yyyy-MM-dd HH:mm:ss")}', '${date?string("yyyy-MM-dd HH:mm:ss")}', 0, 3, NULL, NULL, NULL, '${demoImageUrlPrefix}/6e189e4e-9124-436b-847a-158674713d54.jpg', '格兰仕', 1, '${siteUrl}', 9)
INSERT INTO Ad (id, createdDate, lastModifiedDate, version, orders, beginDate, content, endDate, path, title, type, url, adPosition_id) VALUES (21, '${date?string("yyyy-MM-dd HH:mm:ss")}', '${date?string("yyyy-MM-dd HH:mm:ss")}', 0, 1, NULL, NULL, NULL, '${demoImageUrlPrefix}/b30a8d58-ee64-43e8-b20b-894932ee9769.jpg', '优雅新资', 1, '${siteUrl}', 10)
INSERT INTO Ad (id, createdDate, lastModifiedDate, version, orders, beginDate, content, endDate, path, title, type, url, adPosition_id) VALUES (22, '${date?string("yyyy-MM-dd HH:mm:ss")}', '${date?string("yyyy-MM-dd HH:mm:ss")}', 0, 1, NULL, NULL, NULL, '${demoImageUrlPrefix}/61a791d1-4b4f-404f-8246-5213797d34b9.jpg', '冬季尚新季', 1, '${siteUrl}', 11)
INSERT INTO Ad (id, createdDate, lastModifiedDate, version, orders, beginDate, content, endDate, path, title, type, url, adPosition_id) VALUES (23, '${date?string("yyyy-MM-dd HH:mm:ss")}', '${date?string("yyyy-MM-dd HH:mm:ss")}', 0, 2, NULL, NULL, NULL, '${demoImageUrlPrefix}/fd8ec30b-b0b9-43ac-817c-bdeb24d96e69.jpg', '来自文艺的你', 1, '${siteUrl}', 11)
INSERT INTO Ad (id, createdDate, lastModifiedDate, version, orders, beginDate, content, endDate, path, title, type, url, adPosition_id) VALUES (24, '${date?string("yyyy-MM-dd HH:mm:ss")}', '${date?string("yyyy-MM-dd HH:mm:ss")}', 0, 3, NULL, NULL, NULL, '${demoImageUrlPrefix}/b9a02389-58f8-4f9a-b0cd-52196867d336.jpg', '冬季上新', 1, '${siteUrl}', 11)
INSERT INTO Ad (id, createdDate, lastModifiedDate, version, orders, beginDate, content, endDate, path, title, type, url, adPosition_id) VALUES (25, '${date?string("yyyy-MM-dd HH:mm:ss")}', '${date?string("yyyy-MM-dd HH:mm:ss")}', 0, 1, NULL, NULL, NULL, '${demoImageUrlPrefix}/26b54468-908e-4a56-8d34-4fa07c74b162.jpg', '烂漫之心 用心璀璨', 1, '${siteUrl}', 12)
INSERT INTO Ad (id, createdDate, lastModifiedDate, version, orders, beginDate, content, endDate, path, title, type, url, adPosition_id) VALUES (26, '${date?string("yyyy-MM-dd HH:mm:ss")}', '${date?string("yyyy-MM-dd HH:mm:ss")}', 0, 1, NULL, NULL, NULL, '${demoImageUrlPrefix}/54467a97-2311-4dac-a846-c970ac33568d.jpg', '让你甜美一夏', 1, '${siteUrl}', 13)
INSERT INTO Ad (id, createdDate, lastModifiedDate, version, orders, beginDate, content, endDate, path, title, type, url, adPosition_id) VALUES (27, '${date?string("yyyy-MM-dd HH:mm:ss")}', '${date?string("yyyy-MM-dd HH:mm:ss")}', 0, 2, NULL, NULL, NULL, '${demoImageUrlPrefix}/6dc8877d-50c3-4ec9-a48e-08840a21d6bd.jpg', '勇敢爱 正青春', 1, '${siteUrl}', 13)
INSERT INTO Ad (id, createdDate, lastModifiedDate, version, orders, beginDate, content, endDate, path, title, type, url, adPosition_id) VALUES (28, '${date?string("yyyy-MM-dd HH:mm:ss")}', '${date?string("yyyy-MM-dd HH:mm:ss")}', 0, 3, NULL, NULL, NULL, '${demoImageUrlPrefix}/a4d3b86d-860b-4bb2-b7b5-872b1af50fa6.jpg', '浪漫春色 让美款款来', 1, '${siteUrl}', 13)
INSERT INTO Ad (id, createdDate, lastModifiedDate, version, orders, beginDate, content, endDate, path, title, type, url, adPosition_id) VALUES (29, '${date?string("yyyy-MM-dd HH:mm:ss")}', '${date?string("yyyy-MM-dd HH:mm:ss")}', 0, 1, NULL, NULL, NULL, '${demoImageUrlPrefix}/9c2db2aa-5365-4a1a-b120-fa62f97fa44b.jpg', '美丽的秘密', 1, '${siteUrl}', 14)
INSERT INTO Ad (id, createdDate, lastModifiedDate, version, orders, beginDate, content, endDate, path, title, type, url, adPosition_id) VALUES (30, '${date?string("yyyy-MM-dd HH:mm:ss")}', '${date?string("yyyy-MM-dd HH:mm:ss")}', 0, 1, NULL, NULL, NULL, '${demoImageUrlPrefix}/bbb0ba65-9085-41be-9c58-1344e1e7b764.jpg', '控油净痘清爽哑光肌', 1, '${siteUrl}', 15)
INSERT INTO Ad (id, createdDate, lastModifiedDate, version, orders, beginDate, content, endDate, path, title, type, url, adPosition_id) VALUES (31, '${date?string("yyyy-MM-dd HH:mm:ss")}', '${date?string("yyyy-MM-dd HH:mm:ss")}', 0, 2, NULL, NULL, NULL, '${demoImageUrlPrefix}/822dd79d-0e00-47c7-af86-fcdf6e0de7ed.jpg', '冬季补水换新肌', 1, '${siteUrl}', 15)
INSERT INTO Ad (id, createdDate, lastModifiedDate, version, orders, beginDate, content, endDate, path, title, type, url, adPosition_id) VALUES (32, '${date?string("yyyy-MM-dd HH:mm:ss")}', '${date?string("yyyy-MM-dd HH:mm:ss")}', 0, 3, NULL, NULL, NULL, '${demoImageUrlPrefix}/c4248b70-127b-4b11-95e3-a7042a7c57c7.jpg', '洁面让毛孔深呼吸', 1, '${siteUrl}', 15)
INSERT INTO Ad (id, createdDate, lastModifiedDate, version, orders, beginDate, content, endDate, path, title, type, url, adPosition_id) VALUES (33, '${date?string("yyyy-MM-dd HH:mm:ss")}', '${date?string("yyyy-MM-dd HH:mm:ss")}', 0, 1, NULL, NULL, NULL, '${demoImageUrlPrefix}/5f496b14-592d-4b3d-aed5-4c057ec2b36b.jpg', '爱上氨基酸泡泡洁面', 1, '${siteUrl}', 16)
INSERT INTO Ad (id, createdDate, lastModifiedDate, version, orders, beginDate, content, endDate, path, title, type, url, adPosition_id) VALUES (34, '${date?string("yyyy-MM-dd HH:mm:ss")}', '${date?string("yyyy-MM-dd HH:mm:ss")}', 0, 1, NULL, NULL, NULL, '${demoImageUrlPrefix}/5331ae7c-56a1-42eb-81a7-b041cdfb64ba.jpg', '家电十一 满减风暴', 1, '${siteUrl}', 17)
INSERT INTO Ad (id, createdDate, lastModifiedDate, version, orders, beginDate, content, endDate, path, title, type, url, adPosition_id) VALUES (35, '${date?string("yyyy-MM-dd HH:mm:ss")}', '${date?string("yyyy-MM-dd HH:mm:ss")}', 0, 1, NULL, NULL, NULL, '${demoImageUrlPrefix}/90dec122-d73f-494f-a9c8-4bfa4d0b1baf.jpg', '抗皱亮白 奢华呵护', 1, '${siteUrl}', 18)
INSERT INTO Ad (id, createdDate, lastModifiedDate, version, orders, beginDate, content, endDate, path, title, type, url, adPosition_id) VALUES (36, '${date?string("yyyy-MM-dd HH:mm:ss")}', '${date?string("yyyy-MM-dd HH:mm:ss")}', 0, 2, NULL, NULL, NULL, '${demoImageUrlPrefix}/bbb337e6-58c6-4c86-8cd0-c2fb84fd21a6.jpg', '儿童智能科技会场', 1, '${siteUrl}', 18)
INSERT INTO Ad (id, createdDate, lastModifiedDate, version, orders, beginDate, content, endDate, path, title, type, url, adPosition_id) VALUES (37, '${date?string("yyyy-MM-dd HH:mm:ss")}', '${date?string("yyyy-MM-dd HH:mm:ss")}', 0, 3, NULL, NULL, NULL, '${demoImageUrlPrefix}/a9985b27-742e-44f9-a184-26400aa7e5c0.jpg', '鲜花会场', 1, '${siteUrl}', 18)
INSERT INTO Ad (id, createdDate, lastModifiedDate, version, orders, beginDate, content, endDate, path, title, type, url, adPosition_id) VALUES (38, '${date?string("yyyy-MM-dd HH:mm:ss")}', '${date?string("yyyy-MM-dd HH:mm:ss")}', 0, 1, NULL, NULL, NULL, '${demoImageUrlPrefix}/65ccb42d-c648-47a3-9e32-df5decf28ed6.jpg', '韩国摇摇料理杯', 1, '${siteUrl}', 19)
INSERT INTO Ad (id, createdDate, lastModifiedDate, version, orders, beginDate, content, endDate, path, title, type, url, adPosition_id) VALUES (39, '${date?string("yyyy-MM-dd HH:mm:ss")}', '${date?string("yyyy-MM-dd HH:mm:ss")}', 0, 2, NULL, NULL, NULL, '${demoImageUrlPrefix}/cabe0d8d-c9f9-4a76-be06-91d153fb73c5.jpg', '高端厨房实用型器具', 1, '${siteUrl}', 19)
INSERT INTO Ad (id, createdDate, lastModifiedDate, version, orders, beginDate, content, endDate, path, title, type, url, adPosition_id) VALUES (40, '${date?string("yyyy-MM-dd HH:mm:ss")}', '${date?string("yyyy-MM-dd HH:mm:ss")}', 0, 3, NULL, NULL, NULL, '${demoImageUrlPrefix}/e7a215a2-a68b-484d-b155-3a73e49dae47.jpg', '韩国现代果蔬原汁机', 1, '${siteUrl}', 19)
INSERT INTO Ad (id, createdDate, lastModifiedDate, version, orders, beginDate, content, endDate, path, title, type, url, adPosition_id) VALUES (41, '${date?string("yyyy-MM-dd HH:mm:ss")}', '${date?string("yyyy-MM-dd HH:mm:ss")}', 0, 1, NULL, NULL, NULL, '${demoImageUrlPrefix}/ffe67f59-ac5f-4757-9e84-84e9298170d7.jpg', 'iPad套餐', 1, '${siteUrl}', 20)

INSERT INTO IdGenerator (sequence_name, next_val) VALUES ('Ad', '100')
INSERT INTO IdGenerator (sequence_name, next_val) VALUES ('AdPosition', '100')
INSERT INTO IdGenerator (sequence_name, next_val) VALUES ('Aftersales', '100')
INSERT INTO IdGenerator (sequence_name, next_val) VALUES ('AftersalesItem', '100')
INSERT INTO IdGenerator (sequence_name, next_val) VALUES ('AftersalesSetting', '100')
INSERT INTO IdGenerator (sequence_name, next_val) VALUES ('Area', '3300')
INSERT INTO IdGenerator (sequence_name, next_val) VALUES ('AreaFreightConfig', '100')
INSERT INTO IdGenerator (sequence_name, next_val) VALUES ('Article', '100')
INSERT INTO IdGenerator (sequence_name, next_val) VALUES ('ArticleCategory', '100')
INSERT INTO IdGenerator (sequence_name, next_val) VALUES ('ArticleTag', '100')
INSERT INTO IdGenerator (sequence_name, next_val) VALUES ('Attribute', '200')
INSERT INTO IdGenerator (sequence_name, next_val) VALUES ('AuditLog', '100')
INSERT INTO IdGenerator (sequence_name, next_val) VALUES ('Brand', '200')
INSERT INTO IdGenerator (sequence_name, next_val) VALUES ('BusinessAttribute', '100')
INSERT INTO IdGenerator (sequence_name, next_val) VALUES ('BusinessCash', '100')
INSERT INTO IdGenerator (sequence_name, next_val) VALUES ('BusinessDepositLog', '100')
INSERT INTO IdGenerator (sequence_name, next_val) VALUES ('Cart', '100')
INSERT INTO IdGenerator (sequence_name, next_val) VALUES ('CartItem', '100')
INSERT INTO IdGenerator (sequence_name, next_val) VALUES ('CategoryApplication', '100')
INSERT INTO IdGenerator (sequence_name, next_val) VALUES ('Consultation', '100')
INSERT INTO IdGenerator (sequence_name, next_val) VALUES ('Coupon', '100')
INSERT INTO IdGenerator (sequence_name, next_val) VALUES ('CouponCode', '100')
INSERT INTO IdGenerator (sequence_name, next_val) VALUES ('DefaultFreightConfig', '100')
INSERT INTO IdGenerator (sequence_name, next_val) VALUES ('DeliveryCenter', '100')
INSERT INTO IdGenerator (sequence_name, next_val) VALUES ('DeliveryCorp', '100')
INSERT INTO IdGenerator (sequence_name, next_val) VALUES ('DeliveryTemplate', '100')
INSERT INTO IdGenerator (sequence_name, next_val) VALUES ('DistributionCash', '100')
INSERT INTO IdGenerator (sequence_name, next_val) VALUES ('DistributionCommission', '100')
INSERT INTO IdGenerator (sequence_name, next_val) VALUES ('Distributor', '100')
INSERT INTO IdGenerator (sequence_name, next_val) VALUES ('FriendLink', '100')
INSERT INTO IdGenerator (sequence_name, next_val) VALUES ('GroupBuying', '100')
INSERT INTO IdGenerator (sequence_name, next_val) VALUES ('InstantMessage', '100')
INSERT INTO IdGenerator (sequence_name, next_val) VALUES ('MemberAttribute', '100')
INSERT INTO IdGenerator (sequence_name, next_val) VALUES ('MemberDepositLog', '100')
INSERT INTO IdGenerator (sequence_name, next_val) VALUES ('MemberRank', '100')
INSERT INTO IdGenerator (sequence_name, next_val) VALUES ('Message', '100')
INSERT INTO IdGenerator (sequence_name, next_val) VALUES ('MessageConfig', '100')
INSERT INTO IdGenerator (sequence_name, next_val) VALUES ('MessageGroup', '100')
INSERT INTO IdGenerator (sequence_name, next_val) VALUES ('Navigation', '100')
INSERT INTO IdGenerator (sequence_name, next_val) VALUES ('NavigationGroup', '100')
INSERT INTO IdGenerator (sequence_name, next_val) VALUES ('OrderItem', '100')
INSERT INTO IdGenerator (sequence_name, next_val) VALUES ('OrderLog', '100')
INSERT INTO IdGenerator (sequence_name, next_val) VALUES ('OrderPayment', '100')
INSERT INTO IdGenerator (sequence_name, next_val) VALUES ('OrderRefunds', '100')
INSERT INTO IdGenerator (sequence_name, next_val) VALUES ('OrderReturns', '100')
INSERT INTO IdGenerator (sequence_name, next_val) VALUES ('OrderReturnsItem', '100')
INSERT INTO IdGenerator (sequence_name, next_val) VALUES ('OrderShipping', '100')
INSERT INTO IdGenerator (sequence_name, next_val) VALUES ('OrderShippingItem', '100')
INSERT INTO IdGenerator (sequence_name, next_val) VALUES ('Orders', '100')
INSERT INTO IdGenerator (sequence_name, next_val) VALUES ('Parameter', '100')
INSERT INTO IdGenerator (sequence_name, next_val) VALUES ('PaymentMethod', '100')
INSERT INTO IdGenerator (sequence_name, next_val) VALUES ('PaymentTransaction', '100')
INSERT INTO IdGenerator (sequence_name, next_val) VALUES ('PluginConfig', '100')
INSERT INTO IdGenerator (sequence_name, next_val) VALUES ('PointLog', '100')
INSERT INTO IdGenerator (sequence_name, next_val) VALUES ('Product', '300')
INSERT INTO IdGenerator (sequence_name, next_val) VALUES ('ProductCategory', '500')
INSERT INTO IdGenerator (sequence_name, next_val) VALUES ('ProductFavorite', '100')
INSERT INTO IdGenerator (sequence_name, next_val) VALUES ('ProductNotify', '100')
INSERT INTO IdGenerator (sequence_name, next_val) VALUES ('ProductTag', '100')
INSERT INTO IdGenerator (sequence_name, next_val) VALUES ('Promotion', '100')
INSERT INTO IdGenerator (sequence_name, next_val) VALUES ('PromotionDefaultAttribute', '100')
INSERT INTO IdGenerator (sequence_name, next_val) VALUES ('Receiver', '100')
INSERT INTO IdGenerator (sequence_name, next_val) VALUES ('Review', '100')
INSERT INTO IdGenerator (sequence_name, next_val) VALUES ('Role', '100')
INSERT INTO IdGenerator (sequence_name, next_val) VALUES ('Seo', '100')
INSERT INTO IdGenerator (sequence_name, next_val) VALUES ('ShippingMethod', '100')
INSERT INTO IdGenerator (sequence_name, next_val) VALUES ('Sku', '3300')
INSERT INTO IdGenerator (sequence_name, next_val) VALUES ('Sn', '100')
INSERT INTO IdGenerator (sequence_name, next_val) VALUES ('SocialUser', '100')
INSERT INTO IdGenerator (sequence_name, next_val) VALUES ('Specification', '100')
INSERT INTO IdGenerator (sequence_name, next_val) VALUES ('Statistic', '100')
INSERT INTO IdGenerator (sequence_name, next_val) VALUES ('StockLog', '3300')
INSERT INTO IdGenerator (sequence_name, next_val) VALUES ('Store', '100')
INSERT INTO IdGenerator (sequence_name, next_val) VALUES ('StoreAdImage', '100')
INSERT INTO IdGenerator (sequence_name, next_val) VALUES ('StoreCategory', '100')
INSERT INTO IdGenerator (sequence_name, next_val) VALUES ('StoreFavorite', '100')
INSERT INTO IdGenerator (sequence_name, next_val) VALUES ('StorePluginStatus', '200')
INSERT INTO IdGenerator (sequence_name, next_val) VALUES ('StoreProductCategory', '200')
INSERT INTO IdGenerator (sequence_name, next_val) VALUES ('StoreProductTag', '100')
INSERT INTO IdGenerator (sequence_name, next_val) VALUES ('StoreRank', '100')
INSERT INTO IdGenerator (sequence_name, next_val) VALUES ('Svc', '100')
INSERT INTO IdGenerator (sequence_name, next_val) VALUES ('Users', '100')
INSERT INTO IdGenerator (sequence_name, next_val) VALUES ('WechatMessageTemplate', '100')

INSERT INTO Sn (id, createdDate, lastModifiedDate, version, lastValue, type) VALUES (1, '${date?string("yyyy-MM-dd HH:mm:ss")}', '${date?string("yyyy-MM-dd HH:mm:ss")}', 0, 10000, 0)
INSERT INTO Sn (id, createdDate, lastModifiedDate, version, lastValue, type) VALUES (2, '${date?string("yyyy-MM-dd HH:mm:ss")}', '${date?string("yyyy-MM-dd HH:mm:ss")}', 0, 10000, 1)
INSERT INTO Sn (id, createdDate, lastModifiedDate, version, lastValue, type) VALUES (3, '${date?string("yyyy-MM-dd HH:mm:ss")}', '${date?string("yyyy-MM-dd HH:mm:ss")}', 0, 10000, 2)
INSERT INTO Sn (id, createdDate, lastModifiedDate, version, lastValue, type) VALUES (4, '${date?string("yyyy-MM-dd HH:mm:ss")}', '${date?string("yyyy-MM-dd HH:mm:ss")}', 0, 10000, 3)
INSERT INTO Sn (id, createdDate, lastModifiedDate, version, lastValue, type) VALUES (5, '${date?string("yyyy-MM-dd HH:mm:ss")}', '${date?string("yyyy-MM-dd HH:mm:ss")}', 0, 10000, 4)
INSERT INTO Sn (id, createdDate, lastModifiedDate, version, lastValue, type) VALUES (6, '${date?string("yyyy-MM-dd HH:mm:ss")}', '${date?string("yyyy-MM-dd HH:mm:ss")}', 0, 10000, 5)
INSERT INTO Sn (id, createdDate, lastModifiedDate, version, lastValue, type) VALUES (7, '${date?string("yyyy-MM-dd HH:mm:ss")}', '${date?string("yyyy-MM-dd HH:mm:ss")}', 0, 10000, 6)
INSERT INTO Sn (id, createdDate, lastModifiedDate, version, lastValue, type) VALUES (8, '${date?string("yyyy-MM-dd HH:mm:ss")}', '${date?string("yyyy-MM-dd HH:mm:ss")}', 0, 10000, 7)
INSERT INTO Sn (id, createdDate, lastModifiedDate, version, lastValue, type) VALUES (9, '${date?string("yyyy-MM-dd HH:mm:ss")}', '${date?string("yyyy-MM-dd HH:mm:ss")}', 0, 10000, 8)
INSERT INTO Sn (id, createdDate, lastModifiedDate, version, lastValue, type) VALUES (10, '${date?string("yyyy-MM-dd HH:mm:ss")}', '${date?string("yyyy-MM-dd HH:mm:ss")}', 0, 10000, 9)

INSERT INTO Seo (id, createdDate, lastModifiedDate, version, description, keywords, title, type) VALUES (1, '${date?string("yyyy-MM-dd HH:mm:ss")}', '${date?string("yyyy-MM-dd HH:mm:ss")}', 0, '<#noparse>${setting.siteName}</#noparse>', '<#noparse>${setting.siteName}</#noparse>', '<#noparse>${setting.siteName}</#noparse>', 0)
INSERT INTO Seo (id, createdDate, lastModifiedDate, version, description, keywords, title, type) VALUES (2, '${date?string("yyyy-MM-dd HH:mm:ss")}', '${date?string("yyyy-MM-dd HH:mm:ss")}', 0, '<#noparse>${articleCategory.name}</#noparse>', '<#noparse>${articleCategory.name}</#noparse>', '<#noparse>${articleCategory.name}</#noparse>', 1)
INSERT INTO Seo (id, createdDate, lastModifiedDate, version, description, keywords, title, type) VALUES (3, '${date?string("yyyy-MM-dd HH:mm:ss")}', '${date?string("yyyy-MM-dd HH:mm:ss")}', 0, '<#noparse>${articleKeyword}</#noparse>', '<#noparse>${articleKeyword}</#noparse>', '<#noparse>${articleKeyword}</#noparse>', 2)
INSERT INTO Seo (id, createdDate, lastModifiedDate, version, description, keywords, title, type) VALUES (4, '${date?string("yyyy-MM-dd HH:mm:ss")}', '${date?string("yyyy-MM-dd HH:mm:ss")}', 0, '<#noparse>${article.title}</#noparse>', '<#noparse>${article.title}</#noparse>', '<#noparse>${article.title}</#noparse>', 3)
INSERT INTO Seo (id, createdDate, lastModifiedDate, version, description, keywords, title, type) VALUES (5, '${date?string("yyyy-MM-dd HH:mm:ss")}', '${date?string("yyyy-MM-dd HH:mm:ss")}', 0, '<#noparse>${productCategory.name}</#noparse>', '<#noparse>${productCategory.name}</#noparse>', '<#noparse>${productCategory.name}</#noparse>', 4)
INSERT INTO Seo (id, createdDate, lastModifiedDate, version, description, keywords, title, type) VALUES (6, '${date?string("yyyy-MM-dd HH:mm:ss")}', '${date?string("yyyy-MM-dd HH:mm:ss")}', 0, '<#noparse>${productKeyword}</#noparse>', '<#noparse>${productKeyword}</#noparse>', '<#noparse>${productKeyword}</#noparse>', 5)
INSERT INTO Seo (id, createdDate, lastModifiedDate, version, description, keywords, title, type) VALUES (7, '${date?string("yyyy-MM-dd HH:mm:ss")}', '${date?string("yyyy-MM-dd HH:mm:ss")}', 0, '<#noparse>${product.name}</#noparse>', '<#noparse>${product.name}</#noparse>', '<#noparse>${product.name}</#noparse>', 6)
INSERT INTO Seo (id, createdDate, lastModifiedDate, version, description, keywords, title, type) VALUES (8, '${date?string("yyyy-MM-dd HH:mm:ss")}', '${date?string("yyyy-MM-dd HH:mm:ss")}', 0, '<#noparse>${setting.siteName}</#noparse>', '<#noparse>${setting.siteName}</#noparse>', '<#noparse>${setting.siteName}</#noparse>', 7)
INSERT INTO Seo (id, createdDate, lastModifiedDate, version, description, keywords, title, type) VALUES (9, '${date?string("yyyy-MM-dd HH:mm:ss")}', '${date?string("yyyy-MM-dd HH:mm:ss")}', 0, '<#noparse>${brand.name}</#noparse>', '<#noparse>${brand.name}</#noparse>', '<#noparse>${brand.name}</#noparse>', 8)
INSERT INTO Seo (id, createdDate, lastModifiedDate, version, description, keywords, title, type) VALUES (10, '${date?string("yyyy-MM-dd HH:mm:ss")}', '${date?string("yyyy-MM-dd HH:mm:ss")}', 0, '<#noparse>${store.name}</#noparse>', '<#noparse>${store.name}</#noparse>', '<#noparse>${store.name}</#noparse>', 9)
INSERT INTO Seo (id, createdDate, lastModifiedDate, version, description, keywords, title, type) VALUES (11, '${date?string("yyyy-MM-dd HH:mm:ss")}', '${date?string("yyyy-MM-dd HH:mm:ss")}', 0, '<#noparse>${storeKeyword}</#noparse>', '<#noparse>${storeKeyword}</#noparse>', '<#noparse>${storeKeyword}</#noparse>', 10)

INSERT INTO Role (id, createdDate, lastModifiedDate, version, description, isSystem, name, permissions) VALUES (1, '${date?string("yyyy-MM-dd HH:mm:ss")}', '${date?string("yyyy-MM-dd HH:mm:ss")}', 0, '拥有管理后台最高权限', b'1', '超级管理员', '["admin:business","admin:store","admin:storeCategory","admin:storeRank","admin:businessAttribute","admin:businessCash","admin:categoryApplication","admin:businessDeposit","admin:product","admin:stock","admin:productCategory","admin:productTag","admin:parameter","admin:attribute","admin:specification","admin:brand","admin:order","admin:print","admin:orderPayment","admin:orderRefunds","admin:orderShipping","admin:orderReturns","admin:deliveryCenter","admin:deliveryTemplate","admin:aftersales","admin:member","admin:memberRank","admin:memberAttribute","admin:point","admin:memberDeposit","admin:review","admin:consultation","admin:messageConfig","admin:wechatMessageTemplate","admin:distributor","admin:distributionCash","admin:distributionCommission","admin:navigationGroup","admin:navigation","admin:article","admin:articleCategory","admin:articleTag","admin:friendLink","admin:adPosition","admin:ad","admin:template","admin:cache","admin:promotion","admin:coupon","admin:seo","admin:setting","admin:area","admin:paymentMethod","admin:shippingMethod","admin:deliveryCorp","admin:paymentPlugin","admin:storagePlugin","admin:loginPlugin","admin:promotionPlugin","admin:admin","admin:role","admin:auditLog","admin:orderStatistic","admin:fundStatistic","admin:registerStatistic","admin:productRanking"]')

INSERT INTO MemberRank (id, createdDate, lastModifiedDate, version, amount, isDefault, isSpecial, name, scale) VALUES (1, '${date?string("yyyy-MM-dd HH:mm:ss")}', '${date?string("yyyy-MM-dd HH:mm:ss")}', 0, 100000.000000, b'0', b'0', '钻石会员', 1)
INSERT INTO MemberRank (id, createdDate, lastModifiedDate, version, amount, isDefault, isSpecial, name, scale) VALUES (2, '${date?string("yyyy-MM-dd HH:mm:ss")}', '${date?string("yyyy-MM-dd HH:mm:ss")}', 0, 50000.000000, b'0', b'0', '铂金会员', 1)
INSERT INTO MemberRank (id, createdDate, lastModifiedDate, version, amount, isDefault, isSpecial, name, scale) VALUES (3, '${date?string("yyyy-MM-dd HH:mm:ss")}', '${date?string("yyyy-MM-dd HH:mm:ss")}', 0, 10000.000000, b'0', b'0', '黄金会员', 1)
INSERT INTO MemberRank (id, createdDate, lastModifiedDate, version, amount, isDefault, isSpecial, name, scale) VALUES (4, '${date?string("yyyy-MM-dd HH:mm:ss")}', '${date?string("yyyy-MM-dd HH:mm:ss")}', 0, 0.000000, b'1', b'0', '普通会员', 1)

INSERT INTO Users (dtype, id, createdDate, lastModifiedDate, version, isEnabled, isLocked, lastLoginDate, lastLoginIp, lockDate, department, email, encodedPassword, mobile, name, username, attributeValue0, attributeValue1, attributeValue10, attributeValue11, attributeValue12, attributeValue13, attributeValue14, attributeValue15, attributeValue16, attributeValue17, attributeValue18, attributeValue19, attributeValue2, attributeValue3, attributeValue4, attributeValue5, attributeValue6, attributeValue7, attributeValue8, attributeValue9, balance, bankAccount, bankName, frozenAmount, idCard, idCardImage, identificationNumber, legalPerson, licenseImage, licenseNumber, organizationCode, organizationImage, phone, safeKeyExpire, safeKeyValue, taxImage, address, amount, birth, gender, point, zipCode, area_id, memberRank_id) VALUES ('Admin', 1, '${date?string("yyyy-MM-dd HH:mm:ss")}', '${date?string("yyyy-MM-dd HH:mm:ss")}', '0', b'1', b'0', '${date?string("yyyy-MM-dd HH:mm:ss")}', '192.168.1.1', NULL, NULL, 'admin@shopxx.net', '${adminPassword}', '13800000000', NULL, '${adminUsername}', NULL, NULL, NULL, NULL, NULL, NULL, NULL, NULL, NULL, NULL, NULL, NULL, NULL, NULL, NULL, NULL, NULL, NULL, NULL, NULL, 0.000000000000, NULL, NULL, 0.000000000000, NULL, NULL, NULL, NULL, NULL, NULL, NULL, NULL, NULL, NULL, NULL, NULL, NULL, NULL, NULL, NULL, NULL, NULL, NULL, NULL)
INSERT INTO Users (dtype, id, createdDate, lastModifiedDate, version, isEnabled, isLocked, lastLoginDate, lastLoginIp, lockDate, department, email, encodedPassword, mobile, name, username, attributeValue0, attributeValue1, attributeValue10, attributeValue11, attributeValue12, attributeValue13, attributeValue14, attributeValue15, attributeValue16, attributeValue17, attributeValue18, attributeValue19, attributeValue2, attributeValue3, attributeValue4, attributeValue5, attributeValue6, attributeValue7, attributeValue8, attributeValue9, balance, bankAccount, bankName, frozenAmount, idCard, idCardImage, identificationNumber, legalPerson, licenseImage, licenseNumber, organizationCode, organizationImage, phone, safeKeyExpire, safeKeyValue, taxImage, address, amount, birth, gender, point, zipCode, area_id, memberRank_id) VALUES ('Business', 2, '${date?string("yyyy-MM-dd HH:mm:ss")}', '${date?string("yyyy-MM-dd HH:mm:ss")}', '0', b'1', b'0', '${date?string("yyyy-MM-dd HH:mm:ss")}', '192.168.1.1', NULL, NULL, 'business1@shopxx.net', 'ab36fdc41550db15fd4a47f2e44f0076', '13811111111', NULL, 'business1', NULL, NULL, NULL, NULL, NULL, NULL, NULL, NULL, NULL, NULL, NULL, NULL, NULL, NULL, NULL, NULL, NULL, NULL, NULL, NULL, 0.000000000000, NULL, NULL, 0.000000000000, NULL, NULL, NULL, NULL, NULL, NULL, NULL, NULL, NULL, NULL, NULL, NULL, NULL, NULL, NULL, NULL, NULL, NULL, NULL, NULL)
INSERT INTO Users (dtype, id, createdDate, lastModifiedDate, version, isEnabled, isLocked, lastLoginDate, lastLoginIp, lockDate, department, email, encodedPassword, mobile, name, username, attributeValue0, attributeValue1, attributeValue10, attributeValue11, attributeValue12, attributeValue13, attributeValue14, attributeValue15, attributeValue16, attributeValue17, attributeValue18, attributeValue19, attributeValue2, attributeValue3, attributeValue4, attributeValue5, attributeValue6, attributeValue7, attributeValue8, attributeValue9, balance, bankAccount, bankName, frozenAmount, idCard, idCardImage, identificationNumber, legalPerson, licenseImage, licenseNumber, organizationCode, organizationImage, phone, safeKeyExpire, safeKeyValue, taxImage, address, amount, birth, gender, point, zipCode, area_id, memberRank_id) VALUES ('Business', 3, '${date?string("yyyy-MM-dd HH:mm:ss")}', '${date?string("yyyy-MM-dd HH:mm:ss")}', '0', b'1', b'0', '${date?string("yyyy-MM-dd HH:mm:ss")}', '192.168.1.1', NULL, NULL, 'business2@shopxx.net', '9bde7258dadf923622274ab89ca3d28d', '13822222222', NULL, 'business2', NULL, NULL, NULL, NULL, NULL, NULL, NULL, NULL, NULL, NULL, NULL, NULL, NULL, NULL, NULL, NULL, NULL, NULL, NULL, NULL, 0.000000000000, NULL, NULL, 0.000000000000, NULL, NULL, NULL, NULL, NULL, NULL, NULL, NULL, NULL, NULL, NULL, NULL, NULL, NULL, NULL, NULL, NULL, NULL, NULL, NULL)
INSERT INTO Users (dtype, id, createdDate, lastModifiedDate, version, isEnabled, isLocked, lastLoginDate, lastLoginIp, lockDate, department, email, encodedPassword, mobile, name, username, attributeValue0, attributeValue1, attributeValue10, attributeValue11, attributeValue12, attributeValue13, attributeValue14, attributeValue15, attributeValue16, attributeValue17, attributeValue18, attributeValue19, attributeValue2, attributeValue3, attributeValue4, attributeValue5, attributeValue6, attributeValue7, attributeValue8, attributeValue9, balance, bankAccount, bankName, frozenAmount, idCard, idCardImage, identificationNumber, legalPerson, licenseImage, licenseNumber, organizationCode, organizationImage, phone, safeKeyExpire, safeKeyValue, taxImage, address, amount, birth, gender, point, zipCode, area_id, memberRank_id) VALUES ('Business', 4, '${date?string("yyyy-MM-dd HH:mm:ss")}', '${date?string("yyyy-MM-dd HH:mm:ss")}', '0', b'1', b'0', '${date?string("yyyy-MM-dd HH:mm:ss")}', '192.168.1.1', NULL, NULL, 'business3@shopxx.net', 'c5f7e18fb7c13537b62ab02f9d19bfde', '13833333333', NULL, 'business3', NULL, NULL, NULL, NULL, NULL, NULL, NULL, NULL, NULL, NULL, NULL, NULL, NULL, NULL, NULL, NULL, NULL, NULL, NULL, NULL, 0.000000000000, NULL, NULL, 0.000000000000, NULL, NULL, NULL, NULL, NULL, NULL, NULL, NULL, NULL, NULL, NULL, NULL, NULL, NULL, NULL, NULL, NULL, NULL, NULL, NULL)
INSERT INTO Users (dtype, id, createdDate, lastModifiedDate, version, isEnabled, isLocked, lastLoginDate, lastLoginIp, lockDate, department, email, encodedPassword, mobile, name, username, attributeValue0, attributeValue1, attributeValue10, attributeValue11, attributeValue12, attributeValue13, attributeValue14, attributeValue15, attributeValue16, attributeValue17, attributeValue18, attributeValue19, attributeValue2, attributeValue3, attributeValue4, attributeValue5, attributeValue6, attributeValue7, attributeValue8, attributeValue9, balance, bankAccount, bankName, frozenAmount, idCard, idCardImage, identificationNumber, legalPerson, licenseImage, licenseNumber, organizationCode, organizationImage, phone, safeKeyExpire, safeKeyValue, taxImage, address, amount, birth, gender, point, zipCode, area_id, memberRank_id) VALUES ('Business', 5, '${date?string("yyyy-MM-dd HH:mm:ss")}', '${date?string("yyyy-MM-dd HH:mm:ss")}', 0, b'1', b'0', '${date?string("yyyy-MM-dd HH:mm:ss")}', '192.168.1.1', NULL, NULL, 'business4@shopxx.net', '668a7641571a1026c67c36edf6f18cd1', '13844444444', NULL, 'business4', NULL, NULL, NULL, NULL, NULL, NULL, NULL, NULL, NULL, NULL, NULL, NULL, NULL, NULL, NULL, NULL, NULL, NULL, NULL, NULL, 0.000000000000, NULL, NULL, 0.000000000000, NULL, NULL, NULL, NULL, NULL, NULL, NULL, NULL, NULL, NULL, NULL, NULL, NULL, NULL, NULL, NULL, NULL, NULL, NULL, NULL)
INSERT INTO Users (dtype, id, createdDate, lastModifiedDate, version, isEnabled, isLocked, lastLoginDate, lastLoginIp, lockDate, department, email, encodedPassword, mobile, name, username, attributeValue0, attributeValue1, attributeValue10, attributeValue11, attributeValue12, attributeValue13, attributeValue14, attributeValue15, attributeValue16, attributeValue17, attributeValue18, attributeValue19, attributeValue2, attributeValue3, attributeValue4, attributeValue5, attributeValue6, attributeValue7, attributeValue8, attributeValue9, balance, bankAccount, bankName, frozenAmount, idCard, idCardImage, identificationNumber, legalPerson, licenseImage, licenseNumber, organizationCode, organizationImage, phone, safeKeyExpire, safeKeyValue, taxImage, address, amount, birth, gender, point, zipCode, area_id, memberRank_id) VALUES ('Business', 6, '${date?string("yyyy-MM-dd HH:mm:ss")}', '${date?string("yyyy-MM-dd HH:mm:ss")}', '0', b'1', b'0', '${date?string("yyyy-MM-dd HH:mm:ss")}', '192.168.1.1', NULL, NULL, 'business5@shopxx.net', 'd68024b95bfaa8d0d5b3c007ccdbda8c', '13855555555', NULL, 'business5', NULL, NULL, NULL, NULL, NULL, NULL, NULL, NULL, NULL, NULL, NULL, NULL, NULL, NULL, NULL, NULL, NULL, NULL, NULL, NULL, 0.000000000000, NULL, NULL, 0.000000000000, NULL, NULL, NULL, NULL, NULL, NULL, NULL, NULL, NULL, NULL, NULL, NULL, NULL, NULL, NULL, NULL, NULL, NULL, NULL, NULL)
INSERT INTO Users (dtype, id, createdDate, lastModifiedDate, version, isEnabled, isLocked, lastLoginDate, lastLoginIp, lockDate, department, email, encodedPassword, mobile, name, username, attributeValue0, attributeValue1, attributeValue10, attributeValue11, attributeValue12, attributeValue13, attributeValue14, attributeValue15, attributeValue16, attributeValue17, attributeValue18, attributeValue19, attributeValue2, attributeValue3, attributeValue4, attributeValue5, attributeValue6, attributeValue7, attributeValue8, attributeValue9, balance, bankAccount, bankName, frozenAmount, idCard, idCardImage, identificationNumber, legalPerson, licenseImage, licenseNumber, organizationCode, organizationImage, phone, safeKeyExpire, safeKeyValue, taxImage, address, amount, birth, gender, point, zipCode, area_id, memberRank_id) VALUES ('Business', 7, '${date?string("yyyy-MM-dd HH:mm:ss")}', '${date?string("yyyy-MM-dd HH:mm:ss")}', 0, b'1', b'0', '${date?string("yyyy-MM-dd HH:mm:ss")}', '192.168.1.1', NULL, NULL, 'business6@shopxx.net', 'd47448a6a173dc6d6adf72c8a9c46ae4', '13866666666', NULL, 'business6', NULL, NULL, NULL, NULL, NULL, NULL, NULL, NULL, NULL, NULL, NULL, NULL, NULL, NULL, NULL, NULL, NULL, NULL, NULL, NULL, 0.000000000000, NULL, NULL, 0.000000000000, NULL, NULL, NULL, NULL, NULL, NULL, NULL, NULL, NULL, NULL, NULL, NULL, NULL, NULL, NULL, NULL, NULL, NULL, NULL, NULL)

INSERT INTO Users_Role (admins_id, roles_id) VALUES (1, 1)